Workbook

Sheet Sheet1
A1: Host Name | B1: #N/A
A2: BLRSBMUATVAPT | B2: 100.112.5.101
A3: BNG-MHS-SBM-FW01 | B3: 100.112.0.163
A4: BNG-SBM-MHS-EXT-FGT-FW01 | B4: 100.112.5.129
A5: MUM-MHS-SBM-FW01 | B5: 100.121.16.65
A6: MUM-MHS-SBM-FW02 | B6: 100.121.16.66
A7: BKC-SBM-MHS-EXT-FGT-FW01 \ FW02 | B7: 100.121.17.65
A8: BLRSBMUATFINAPP_OLD | B8: 100.112.4.151
A9: BLRSBMUATMADP | B9: 100.112.4.217
A10: BLRSBMUATFASAPP | B10: 100.112.4.49
A11: BLRSBMUATFINWEB_OLD | B11: 100.112.5.50
A12: BANSBMUATFINJBOSS | B12: 100.112.5.80
A13: BANSBMUATFINAPP | B13: 100.112.5.81
... A61: BLRSBMWEB2 | B61: 100.112.5.20
A62: BLRSBMUATWEB | B62: 100.112.5.99 | C62: 100.121.17.22
A63: MUMSBMFINWEB1 | B63: 100.121.17.16
A64: MUMSBMFINWEB2 | B64: 100.121.17.17
A65: MUMSBMFINJBOSS1 | B65: 100.121.16.213
A66: MUMSBMFINJBOSS2 | B66: 100.121.16.214 | C66: 100.121.17.6
A67: MUMSBMFINAPP1 | B67: 100.121.16.149
A68: MUMSBMFINAPP2 | B68: 100.121.16.150 | C68: 100.121.16.198 | D68: 100.121.16.134
A69: BLRSBMUATFINWEB | B69: 100.112.5.48
A70: BLRSBMUATFINJBOSS | B70: 100.112.4.213
A71: BLRSBMUATFINAPP | B71: 100.112.4.149
A72: BANSBMUATFINDB | B72: 100.112.4.73
A73: BLRSBMUATFINDB1 | B73: 100.112.4.79
A74: BLRSBMFINJBOSS | B74: 100.112.1.149 | C74: 100.112.1.70
A75: BLRSBMFINJBOSS1 | B75: 100.112.1.23
A76: BLRSBMFINAPP | B76: 100.112.1.85
A77: BLRSBMFINAPP1 | B77: 100.112.1.5
A78: BLRSBMFINAPP2 | B78: 100.112.1.87
A79: BLRSBMFINWEB | B79: 100.112.1.207
A80: BLRSBMFINWEB1 | B80: 100.112.0.233
A81: BLRSBMFINDB | B81: 100.112.0.78
A82: MUMSBMTREASAPP2 | B82: 100.121.16.215
A83: MUMSBMTREASAPP1 | B83: 100.121.16.216
A84: BLRSBMTREASAPP | B84: 100.112.1.150
A85: BLRSBMUATTREASAPP | B85: 100.112.4.214
A86: BLRSBMUATTREASDB1 | B86: 100.112.4.98
... A94: MUMSBRIBWEB1 | B94: 100.121.17.76
A95: MUMSBRIBWEB2 | B95: 100.121.17.79 | C95: 100.121.17.70 | D95: 100.121.17.71 | E95: 100.121.17.72
A96: BANSBRIBWEB | B96: 100.112.0.205
A97: MUMSBRIBAPP1 | B97: 100.121.16.147 | C97: 100.112.0.195 | D97: 100.112.0.196 | E97: 100.112.0.197
A98: MUMSBRIBAPP2 | B98: 100.121.16.154 | C98: 100.121.16.204
A99: BANSBRIBAPP | B99: 100.112.0.204
A100: MUMSBMTEST | B100: 100.121.16.100 | C100: 100.112.1.227
A101: BLRSBMMBNKDB1 | B101: 100.112.2.98
A102: MUMSBMCIBDB | B102: 100.121.18.117
A103: MUMSBMCIBDB1 | B103: 100.121.18.102 | C103: 100.112.1.229
A104: MUMSBMRIBDB | B104: 100.121.18.116 | C104: 100.121.17.83
A105: MUMSBMRIBDB1 | B105: 100.121.18.123
A106: BLRSBMRIBDB | B106: 100.112.2.106
A107: BLRSBMCIBDB | B107: 100.112.2.107 | C107: 100.121.16.159 | D107: 100.121.16.159 | E107: 100.121.16.159
A108: BANSBMUATIB | B108: 100.112.5.75
A109: BLRSBMUATEBNKDB1 | B109: 100.112.4.84
A110: BLRSBMUATMBNKDB1 | B110: 100.112.4.87 | C110: 100.121.17.84
A111: MUMSBCIBWEB1 | B111: 100.121.17.77
A112: MUMSBCIBWEB2 | B112: 100.121.17.82
A113: BANSBCIBWEB | B113: 100.112.0.208 | C113: 100.121.16.160 | D113: 100.121.16.160 | E113: 100.121.16.160
A114: MUMSBCIBAPP1 | B114: 100.121.16.148
A115: MUMSBCIBAPP2 | B115: 100.121.16.155
A116: BANSBCIBAPP | B116: 100.112.0.206
A117: MUMSBMADS1 | B117: 100.121.21.70
A118: MUMSBMADS2 | B118: 100.121.21.71
A119: BLRSBMADS | B119: 100.112.6.36
A120: MUMSBMCCILPDC | B120: 100.121.17.131
A121: MUMSBMADFSPX02 | B121: 100.121.17.9
A122: MUMSBMARCDB02 | B122: 100.121.16.69
A123: MUMSBMDAMGW1 | B123: 100.121.18.71
A124: BLRSBMDAMGW1 | B124: 100.112.0.89
A125: MUMSBMESBWEB01 | B125: 100.121.17.73
... A129: MUMSBMESBAPP02 | B129: 100.121.16.137
A130: MUMSBMESBAPP04 | B130: 100.121.16.144 | C130: 100.121.17.85
A131: MUMSBMESBDB | B131: 100.121.16.88
A132: BANSBMESBWEB | B132: 100.112.0.200
A133: BANSBMESBAPP | B133: 100.112.0.199 | C133: 100.121.16.161 | D133: 100.121.16.161 | E133: 100.121.16.161
A134: BANSBMESBDB | B134: 100.112.0.71
A135: BANSBMESBDB02 | B135: 100.112.2.103
A136: BANSBMESBWEB02 | B136: 100.112.0.239
A137: BANSBMESBAPP02 | B137: 100.112.2.131
A138: BANSBMESBAPP03 | B138: 100.112.2.132
A139: BANSBMESBUATAPP | B139: 100.112.6.60
A140: BANSBMESBUATDB | B140: 100.112.6.59
A141: MUMSBSTMTDB1 | B141: 100.121.18.80
A142: MUMSBNESLAPP1 | B142: 100.121.17.142
A143: MUMSBNESLDB1 | B143: 100.121.18.78
A144: BLRSBNESLAPP1 | B144: 100.112.1.12
A145: BLRSBNESLDB1 | B145: 100.112.2.68
... A149: BLRSBMUATNESLAPP | B149: 100.112.5.113
A150: BLRSBMUATNESLDB | B150: 100.112.4.82 | C150: 100.121.16.80
A151: MUMSBMEFTAP1 | B151: 100.121.17.183
A152: MUMSBMEFTDB1 | B152: 100.121.18.86
A153: BLRSBMEFTAPP1 | B153: 100.112.1.21
A154: BLRSBMEFTDB1 | B154: 100.112.2.77
A155: MUMSBMOASAPP01 | B155: 100.121.17.145
A156: MUMSBMOASDB01 | B156: 100.121.18.82
A157: BLRSBMOASUATAPP | B157: 100.112.5.69
A158: BLRSBMOASUATDB | B158: 100.112.4.69
A159: MUMSBMFTPAPP1 | B159: 100.121.17.146
A160: MUMSBMFTPDB1 | B160: 100.121.18.74
...

Sheet DR
A1: VLAN | B1: IP Address | C1: Hostname | D1: VLAN | E1: IP Address | F1: Hostname | G1: VLAN | H1: IP Address | I1: Hostname | J1: VLAN | K1: IP Address | L1: Hostname | M1: VLAN | N1: IP Address | O1: Hostname | P1: VLAN | Q1: IP Address | R1: Hostname | S1: VLAN | T1: IP Address | U1: Hostname | V1: VLAN | W1: IP Address | X1: Hostname | Y1: VLAN | Z1: IP Address | AA1: Hostname | AB1: VLAN | AC1: IP Address | AD1: Hostname | AE1: VLAN | AF1: IP Address | AG1: Hostname | AH1: VLAN | AI1: IP Address | AJ1: Hostname | AK1: VLAN | AL1: IP Address | AM1: Hostname | AN1: VLAN | AO1: IP Address | AP1: Hostname
B2: 100.112.0.1 | C2: =_xlfn.XLOOKUP(B2,Sheet1!B:B,Sheet1!A:A) -> #N/A | D2: 860 APP | E2: 100.112.1.1 | F2: =_xlfn.XLOOKUP(E2,Sheet1!B:B,Sheet1!A:A) -> #N/A | H2: 100.112.2.1 | I2: =_xlfn.XLOOKUP(H2,Sheet1!B:B,Sheet1!A:A) -> #N/A | J2: NAT_SUB 916 | K2: 100.112.3.1 | L2: =_xlfn.XLOOKUP(K2,Sheet1!B:B,Sheet1!A:A) -> #N/A | N2: 100.112.4.1 | O2: =_xlfn.XLOOKUP(N2,Sheet1!B:B,Sheet1!A:A) -> #N/A | P2: 867 UAT_WEB_WEB-E | Q2: 100.112.5.1 | R2: =_xlfn.XLOOKUP(Q2,Sheet1!B:B,Sheet1!A:A) -> #N/A | T2: 100.112.6.1 | U2: =_xlfn.XLOOKUP(T2,Sheet1!B:B,Sheet1!A:A) -> #N/A | V2: 912 UAT_APP2 | W2: 100.112.7.1 | X2: =_xlfn.XLOOKUP(W2,Sheet1!A:A,Sheet1!B:B) -> #N/A | Y2: 906 VDI-APP | Z2: 100.112.9.1 | AA2: =_xlfn.XLOOKUP(Z2,Sheet1!B:B,Sheet1!A:A) -> #N/A | AB2: 909 VDI | AC2: 100.112.10.1 | AD2: =_xlfn.XLOOKUP(AC2,Sheet1!B:B,Sheet1!A:A) -> #N/A | AE2: 670 New_APP | AF2: 100.112.12.1 | AG2: =_xlfn.XLOOKUP(AF2,Sheet1!B:B,Sheet1!A:A) -> #N/A | AH2: 902 Server_Proxy | AI2: 100.112.26.1 | AJ2: =_xlfn.XLOOKUP(AI2,Sheet1!B:B,Sheet1!A:A) -> #N/A | AK2: 903 Proxy_to_Int | AL2: 100.112.27.1 | AM2: =_xlfn.XLOOKUP(AL2,Sheet1!B:B,Sheet1!A:A) -> #N/A | AN2: 917 DSD | AO2: 100.112.28.1 | AP2: =_xlfn.XLOOKUP(AO2,Sheet1!B:B,Sheet1!A:A) -> DR_ASA Firewall1
B3: 100.112.0.2 | C3: =_xlfn.XLOOKUP(B3,Sheet1!B:B,Sheet1!A:A) -> #N/A | E3: 100.112.1.2 | F3: =_xlfn.XLOOKUP(E3,Sheet1!B:B,Sheet1!A:A) -> BLRSBMVMS01 | H3: 100.112.2.2 | I3: =_xlfn.XLOOKUP(H3,Sheet1!B:B,Sheet1!A:A) -> #N/A | J3: NAT_SUB 916 | K3: 100.112.3.2 | L3: =_xlfn.XLOOKUP(K3,Sheet1!B:B,Sheet1!A:A) -> #N/A | N3: 100.112.4.2 | O3: =_xlfn.XLOOKUP(N3,Sheet1!B:B,Sheet1!A:A) -> #N/A | P3: 867 UAT_WEB_WEB-E | Q3: 100.112.5.2 | R3: =_xlfn.XLOOKUP(Q3,Sheet1!B:B,Sheet1!A:A) -> #N/A | T3: 100.112.6.2 | U3: =_xlfn.XLOOKUP(T3,Sheet1!B:B,Sheet1!A:A) -> #N/A | V3: 912 UAT_APP2 | W3: 100.112.7.2 | X3: =_xlfn.XLOOKUP(W3,Sheet1!B:B,Sheet1!A:A) -> LB Clustering self IP(standby) | Y3: 906 VDI-APP | Z3: 100.112.9.2 | AA3: =_xlfn.XLOOKUP(Z3,Sheet1!B:B,Sheet1!A:A) -> BLRSBMVDIHCS01 | AB3: 909 VDI | AC3: 100.112.10.2 | AD3: =_xlfn.XLOOKUP(AC3,Sheet1!B:B,Sheet1!A:A) -> #N/A | AE3: 670 New_APP | AF3: 100.112.12.2 | AG3: =_xlfn.XLOOKUP(AF3,Sheet1!B:B,Sheet1!A:A) -> BLRSBMSWIFTAPP | AH3: 902 Server_Proxy | AI3: 100.112.26.2 | AJ3: =_xlfn.XLOOKUP(AI3,Sheet1!B:B,Sheet1!A:A) -> #N/A | AK3: 903 Proxy_to_Int | AL3: 100.112.27.2 | AM3: =_xlfn.XLOOKUP(AL3,Sheet1!B:B,Sheet1!A:A) -> #N/A | AN3: 917 DSD | AO3: 100.112.28.2 | AP3: =_xlfn.XLOOKUP(AO3,Sheet1!B:B,Sheet1!A:A) -> DR_ASA Firewall2
B4: 100.112.0.3 | C4: =_xlfn.XLOOKUP(B4,Sheet1!B:B,Sheet1!A:A) -> #N/A | E4: 100.112.1.3 | F4: =_xlfn.XLOOKUP(E4,Sheet1!B:B,Sheet1!A:A) -> #N/A | H4: 100.112.2.3 | I4: =_xlfn.XLOOKUP(H4,Sheet1!B:B,Sheet1!A:A) -> #N/A | J4: NAT_SUB 916 | K4: 100.112.3.3 | L4: =_xlfn.XLOOKUP(K4,Sheet1!B:B,Sheet1!A:A) -> #N/A | N4: 100.112.4.3 | O4: =_xlfn.XLOOKUP(N4,Sheet1!B:B,Sheet1!A:A) -> #N/A | P4: 867 UAT_WEB_WEB-E | Q4: 100.112.5.3 | R4: =_xlfn.XLOOKUP(Q4,Sheet1!B:B,Sheet1!A:A) -> NESL VIDEO KYC VIP | T4: 100.112.6.3 | U4: =_xlfn.XLOOKUP(T4,Sheet1!B:B,Sheet1!A:A) -> #N/A | V4: 912 UAT_APP2 | W4: 100.112.7.3 | X4: =_xlfn.XLOOKUP(W4,Sheet1!B:B,Sheet1!A:A) -> LB Clustering self IP(floating) | Y4: 906 VDI-APP | Z4: 100.112.9.3 | AA4: =_xlfn.XLOOKUP(Z4,Sheet1!B:B,Sheet1!A:A) -> BLRSBMVDIDEM01 | AB4: 909 VDI | AC4: 100.112.10.3 | AD4: =_xlfn.XLOOKUP(AC4,Sheet1!B:B,Sheet1!A:A) -> #N/A | AE4: 670 New_APP | AF4: 100.112.12.3 | AG4: =_xlfn.XLOOKUP(AF4,Sheet1!B:B,Sheet1!A:A) -> ASA VLAN Standby | AH4: 902 Server_Proxy | AI4: 100.112.26.3 | AJ4: =_xlfn.XLOOKUP(AI4,Sheet1!B:B,Sheet1!A:A) -> #N/A | AK4: 903 Proxy_to_Int | AL4: 100.112.27.3 | AM4: =_xlfn.XLOOKUP(AL4,Sheet1!B:B,Sheet1!A:A) -> #N/A | AN4: 917 DSD | AO4: 100.112.28.3 | AP4: =_xlfn.XLOOKUP(AO4,Sheet1!B:B,Sheet1!A:A) -> BLRSBMPROSW05
B5: 100.112.0.4 | C5: =_xlfn.XLOOKUP(B5,Sheet1!B:B,Sheet1!A:A) -> #N/A | E5: 100.112.1.4 | F5: =_xlfn.XLOOKUP(E5,Sheet1!B:B,Sheet1!A:A) -> BLRSBMDMSAPP1 | H5: 100.112.2.4 | I5: =_xlfn.XLOOKUP(H5,Sheet1!B:B,Sheet1!A:A) -> #N/A | J5: NAT_SUB 916 | K5: 100.112.3.4 | L5: =_xlfn.XLOOKUP(K5,Sheet1!B:B,Sheet1!A:A) -> #N/A | N5: 100.112.4.4 | O5: =_xlfn.XLOOKUP(N5,Sheet1!B:B,Sheet1!A:A) -> #N/A | P5: 867 UAT_WEB_WEB-E | Q5: 100.112.5.4 | R5: =_xlfn.XLOOKUP(Q5,Sheet1!B:B,Sheet1!A:A) -> #N/A | T5: 100.112.6.4 | U5: =_xlfn.XLOOKUP(T5,Sheet1!B:B,Sheet1!A:A) -> #N/A | V5: 912 UAT_APP2 | W5: 100.112.7.4 | X5: =_xlfn.XLOOKUP(W5,Sheet1!B:B,Sheet1!A:A) -> Reserved for Acalvio | Y5: 906 VDI-APP | Z5: 100.112.9.4 | AA5: =_xlfn.XLOOKUP(Z5,Sheet1!B:B,Sheet1!A:A) -> BLRSBMVDIEDGW01 | AB5: 909 VDI | AC5: 100.112.10.4 | AD5: =_xlfn.XLOOKUP(AC5,Sheet1!B:B,Sheet1!A:A) -> #N/A | AE5: 670 New_APP | AF5: 100.112.12.4 | AG5: =_xlfn.XLOOKUP(AF5,Sheet1!B:B,Sheet1!A:A) -> ASA VLAN Standby | AH5: 902 Server_Proxy | AI5: 100.112.26.4 | AJ5: =_xlfn.XLOOKUP(AI5,Sheet1!B:B,Sheet1!A:A) -> #N/A | AK5: 903 Proxy_to_Int | AL5: 100.112.27.4 | AM5: =_xlfn.XLOOKUP(AL5,Sheet1!B:B,Sheet1!A:A) -> BLRSBMNSPROXY1 | AN5: 917 DSD | AO5: 100.112.28.4 | AP5: =_xlfn.XLOOKUP(AO5,Sheet1!B:B,Sheet1!A:A) -> BLRSBMPROSW06
B6: 100.112.0.5 | C6: =_xlfn.XLOOKUP(B6,Sheet1!B:B,Sheet1!A:A) -> #N/A | E6: 100.112.1.5 | F6: =_xlfn.XLOOKUP(E6,Sheet1!B:B,Sheet1!A:A) -> BLRSBMFINAPP1 | H6: 100.112.2.5 | I6: =_xlfn.XLOOKUP(H6,Sheet1!B:B,Sheet1!A:A) -> #N/A | J6: NAT_SUB 916 | K6: 100.112.3.5 | L6: =_xlfn.XLOOKUP(K6,Sheet1!B:B,Sheet1!A:A) -> #N/A | N6: 100.112.4.5 | O6: =_xlfn.XLOOKUP(N6,Sheet1!B:B,Sheet1!A:A) -> #N/A | P6: 867 UAT_WEB_WEB-E | Q6: 100.112.5.5 | R6: =_xlfn.XLOOKUP(Q6,Sheet1!B:B,Sheet1!A:A) -> #N/A | T6: 100.112.6.5 | U6: =_xlfn.XLOOKUP(T6,Sheet1!B:B,Sheet1!A:A) -> #N/A | V6: 912 UAT_APP2 | W6: 100.112.7.5 | X6: =_xlfn.XLOOKUP(W6,Sheet1!B:B,Sheet1!A:A) -> Reserved for Acalvio | Y6: 906 VDI-APP | Z6: 100.112.9.5 | AA6: =_xlfn.XLOOKUP(Z6,Sheet1!B:B,Sheet1!A:A) -> #N/A | AB6: 909 VDI | AC6: 100.112.10.5 | AD6: =_xlfn.XLOOKUP(AC6,Sheet1!B:B,Sheet1!A:A) -> #N/A | AE6: 670 New_APP | AF6: 100.112.12.5 | AG6: =_xlfn.XLOOKUP(AF6,Sheet1!B:B,Sheet1!A:A) -> BLRSBMSWFTJUMP | AH6: 902 Server_Proxy | AI6: 100.112.26.5 | AJ6: =_xlfn.XLOOKUP(AI6,Sheet1!B:B,Sheet1!A:A) -> #N/A | AK6: 903 Proxy_to_Int | AL6: 100.112.27.5 | AM6: =_xlfn.XLOOKUP(AL6,Sheet1!B:B,Sheet1!A:A) -> #N/A | AN6: 917 DSD | AO6: 100.112.28.5 | AP6: =_xlfn.XLOOKUP(AO6,Sheet1!B:B,Sheet1!A:A) -> BLRSBMFORTIMGR
B7: 100.112.0.6 | C7: =_xlfn.XLOOKUP(B7,Sheet1!B:B,Sheet1!A:A) -> #N/A | E7: 100.112.1.6 | F7: =_xlfn.XLOOKUP(E7,Sheet1!B:B,Sheet1!A:A) -> BLRSBMDLPMGT | H7: 100.112.2.6 | I7: =_xlfn.XLOOKUP(H7,Sheet1!B:B,Sheet1!A:A) -> #N/A | J7: NAT_SUB 916 | K7: 100.112.3.6 | L7: =_xlfn.XLOOKUP(K7,Sheet1!B:B,Sheet1!A:A) -> #N/A | N7: 100.112.4.6 | O7: =_xlfn.XLOOKUP(N7,Sheet1!B:B,Sheet1!A:A) -> #N/A | P7: 867 UAT_WEB_WEB-E | Q7: 100.112.5.6 | R7: =_xlfn.XLOOKUP(Q7,Sheet1!B:B,Sheet1!A:A) -> #N/A | T7: 100.112.6.6 | U7: =_xlfn.XLOOKUP(T7,Sheet1!B:B,Sheet1!A:A) -> #N/A | V7: 912 UAT_APP2 | W7: 100.112.7.6 | X7: =_xlfn.XLOOKUP(W7,Sheet1!B:B,Sheet1!A:A) -> Reserved for Acalvio | Y7: 906 VDI-APP | Z7: 100.112.9.6 | AA7: =_xlfn.XLOOKUP(Z7,Sheet1!B:B,Sheet1!A:A) -> #N/A | AB7: 909 VDI | AC7: 100.112.10.6 | AD7: =_xlfn.XLOOKUP(AC7,Sheet1!B:B,Sheet1!A:A) -> #N/A | AE7: 670 New_APP | AF7: 100.112.12.6 | AG7: =_xlfn.XLOOKUP(AF7,Sheet1!B:B,Sheet1!A:A) -> BLRSBMSWIFT02 | AH7: 902 Server_Proxy | AI7: 100.112.26.6 | AJ7: =_xlfn.XLOOKUP(AI7,Sheet1!B:B,Sheet1!A:A) -> #N/A | AK7: 903 Proxy_to_Int | AL7: 100.112.27.6 | AM7: =_xlfn.XLOOKUP(AL7,Sheet1!B:B,Sheet1!A:A) -> #N/A | AN7: 917 DSD | AO7: 100.112.28.6 | AP7: =_xlfn.XLOOKUP(AO7,Sheet1!B:B,Sheet1!A:A) -> #N/A
B8: 100.112.0.7 | C8: =_xlfn.XLOOKUP(B8,Sheet1!B:B,Sheet1!A:A) -> #N/A | E8: 100.112.1.7 | F8: =_xlfn.XLOOKUP(E8,Sheet1!B:B,Sheet1!A:A) -> BLRSBMDLPOCR | H8: 100.112.2.7 | I8: =_xlfn.XLOOKUP(H8,Sheet1!B:B,Sheet1!A:A) -> #N/A | J8: NAT_SUB 916 | K8: 100.112.3.7 | L8: =_xlfn.XLOOKUP(K8,Sheet1!B:B,Sheet1!A:A) -> #N/A | N8: 100.112.4.7 | O8: =_xlfn.XLOOKUP(N8,Sheet1!B:B,Sheet1!A:A) -> #N/A | P8: 867 UAT_WEB_WEB-E | Q8: 100.112.5.7 | R8: =_xlfn.XLOOKUP(Q8,Sheet1!B:B,Sheet1!A:A) -> #N/A | T8: 100.112.6.7 | U8: =_xlfn.XLOOKUP(T8,Sheet1!B:B,Sheet1!A:A) -> #N/A | V8: 912 UAT_APP2 | W8: 100.112.7.7 | X8: =_xlfn.XLOOKUP(W8,Sheet1!B:B,Sheet1!A:A) -> BLRSBMUATRDLAPP01 | Y8: 906 VDI-APP | Z8: 100.112.9.7 | AA8: =_xlfn.XLOOKUP(Z8,Sheet1!B:B,Sheet1!A:A) -> #N/A | AB8: 909 VDI | AC8: 100.112.10.7 | AD8: =_xlfn.XLOOKUP(AC8,Sheet1!B:B,Sheet1!A:A) -> #N/A | AE8: 670 New_APP | AF8: 100.112.12.7 | AG8: =_xlfn.XLOOKUP(AF8,Sheet1!B:B,Sheet1!A:A) -> BLRSBMSWIFT03 | AH8: 902 Server_Proxy | AI8: 100.112.26.7 | AJ8: =_xlfn.XLOOKUP(AI8,Sheet1!B:B,Sheet1!A:A) -> BLRSBMGUARDICORE | AK8: 903 Proxy_to_Int | AL8: 100.112.27.7 | AM8: =_xlfn.XLOOKUP(AL8,Sheet1!B:B,Sheet1!A:A) -> #N/A | AN8: 917 DSD | AO8: 100.112.28.7 | AP8: =_xlfn.XLOOKUP(AO8,Sheet1!B:B,Sheet1!A:A) -> #N/A
B9: 100.112.0.8 | C9: =_xlfn.XLOOKUP(B9,Sheet1!B:B,Sheet1!A:A) -> #N/A | E9: 100.112.1.8 | F9: =_xlfn.XLOOKUP(E9,Sheet1!B:B,Sheet1!A:A) -> BLRSBMD2KAPP | H9: 100.112.2.8 | I9: =_xlfn.XLOOKUP(H9,Sheet1!B:B,Sheet1!A:A) -> #N/A | J9: NAT_SUB 916 | K9: 100.112.3.8 | L9: =_xlfn.XLOOKUP(K9,Sheet1!B:B,Sheet1!A:A) -> #N/A | N9: 100.112.4.8 | O9: =_xlfn.XLOOKUP(N9,Sheet1!B:B,Sheet1!A:A) -> #N/A | P9: 867 UAT_WEB_WEB-E | Q9: 100.112.5.8 | R9: =_xlfn.XLOOKUP(Q9,Sheet1!B:B,Sheet1!A:A) -> #N/A | T9: 100.112.6.8 | U9: =_xlfn.XLOOKUP(T9,Sheet1!B:B,Sheet1!A:A) -> #N/A | V9: 912 UAT_APP2 | W9: 100.112.7.8 | X9: =_xlfn.XLOOKUP(W9,Sheet1!B:B,Sheet1!A:A) -> BLRSBMUATBMLAPP01 | Y9: 906 VDI-APP | Z9: 100.112.9.8 | AA9: =_xlfn.XLOOKUP(Z9,Sheet1!B:B,Sheet1!A:A) -> #N/A | AB9: 909 VDI | AC9: 100.112.10.8 | AD9: =_xlfn.XLOOKUP(AC9,Sheet1!B:B,Sheet1!A:A) -> #N/A | AE9: 670 New_APP | AF9: 100.112.12.8 | AG9: =_xlfn.XLOOKUP(AF9,Sheet1!B:B,Sheet1!A:A) -> BLRSBMSWTICAPP | AH9: 902 Server_Proxy | AI9: 100.112.26.8 | AJ9: =_xlfn.XLOOKUP(AI9,Sheet1!B:B,Sheet1!A:A) -> #N/A | AK9: 903 Proxy_to_Int | AL9: 100.112.27.8 | AM9: =_xlfn.XLOOKUP(AL9,Sheet1!B:B,Sheet1!A:A) -> #N/A | AN9: 917 DSD | AO9: 100.112.28.8 | AP9: =_xlfn.XLOOKUP(AO9,Sheet1!B:B,Sheet1!A:A) -> #N/A
B10: 100.112.0.9 | C10: =_xlfn.XLOOKUP(B10,Sheet1!B:B,Sheet1!A:A) -> #N/A | E10: 100.112.1.9 | F10: =_xlfn.XLOOKUP(E10,Sheet1!B:B,Sheet1!A:A) -> BLRSBMD2KREP | H10: 100.112.2.9 | I10: =_xlfn.XLOOKUP(H10,Sheet1!B:B,Sheet1!A:A) -> #N/A | J10: NAT_SUB 916 | K10: 100.112.3.9 | L10: =_xlfn.XLOOKUP(K10,Sheet1!B:B,Sheet1!A:A) -> #N/A | N10: 100.112.4.9 | O10: =_xlfn.XLOOKUP(N10,Sheet1!B:B,Sheet1!A:A) -> #N/A | P10: 867 UAT_WEB_WEB-E | Q10: 100.112.5.9 | R10: =_xlfn.XLOOKUP(Q10,Sheet1!B:B,Sheet1!A:A) -> #N/A | T10: 100.112.6.9 | U10: =_xlfn.XLOOKUP(T10,Sheet1!B:B,Sheet1!A:A) -> #N/A | V10: 912 UAT_APP2 | W10: 100.112.7.9 | X10: =_xlfn.XLOOKUP(W10,Sheet1!B:B,Sheet1!A:A) -> BLRSBMUATRDLAPP02 | Y10: 906 VDI-APP | Z10: 100.112.9.9 | AA10: =_xlfn.XLOOKUP(Z10,Sheet1!B:B,Sheet1!A:A) -> #N/A | AB10: 909 VDI | AC10: 100.112.10.9 | AD10: =_xlfn.XLOOKUP(AC10,Sheet1!B:B,Sheet1!A:A) -> #N/A | AE10: 670 New_APP | AF10: 100.112.12.9 | AG10: =_xlfn.XLOOKUP(AF10,Sheet1!B:B,Sheet1!A:A) -> BLRSBMSWTICDB | AH10: 902 Server_Proxy | AI10: 100.112.26.9 | AJ10: =_xlfn.XLOOKUP(AI10,Sheet1!B:B,Sheet1!A:A) -> #N/A | AK10: 903 Proxy_to_Int | AL10: 100.112.27.9 | AM10: =_xlfn.XLOOKUP(AL10,Sheet1!B:B,Sheet1!A:A) -> #N/A | AN10: 917 DSD | AO10: 100.112.28.9 | AP10: =_xlfn.XLOOKUP(AO10,Sheet1!B:B,Sheet1!A:A) -> #N/A
B11: 100.112.0.10 | C11: =_xlfn.XLOOKUP(B11,Sheet1!B:B,Sheet1!A:A) -> #N/A | E11: 100.112.1.10 | F11: =_xlfn.XLOOKUP(E11,Sheet1!B:B,Sheet1!A:A) -> BLRSBMDYNAAPP | H11: 100.112.2.10 | I11: =_xlfn.XLOOKUP(H11,Sheet1!B:B,Sheet1!A:A) -> #N/A | J11: NAT_SUB 916 | K11: 100.112.3.10 | L11: =_xlfn.XLOOKUP(K11,Sheet1!B:B,Sheet1!A:A) -> 59.164.69.241 | N11: 100.112.4.10 | O11: =_xlfn.XLOOKUP(N11,Sheet1!B:B,Sheet1!A:A) -> #N/A | P11: 867 UAT_WEB_WEB-E | Q11: 100.112.5.10 | R11: =_xlfn.XLOOKUP(Q11,Sheet1!B:B,Sheet1!A:A) -> #N/A | T11: 100.112.6.10 | U11: =_xlfn.XLOOKUP(T11,Sheet1!B:B,Sheet1!A:A) -> #N/A | V11: 912 UAT_APP2 | W11: 100.112.7.10 | X11: =_xlfn.XLOOKUP(W11,Sheet1!B:B,Sheet1!A:A) -> Firewall temporary | Y11: 906 VDI-APP | Z11: 100.112.9.10 | AA11: =_xlfn.XLOOKUP(Z11,Sheet1!B:B,Sheet1!A:A) -> #N/A | AB11: 909 VDI | AC11: 100.112.10.10 | AD11: =_xlfn.XLOOKUP(AC11,Sheet1!B:B,Sheet1!A:A) -> BLRSBMRDSH01 | AE11: 670 New_APP | AF11: 100.112.12.10 | AG11: =_xlfn.XLOOKUP(AF11,Sheet1!B:B,Sheet1!A:A) -> #N/A | AH11: 902 Server_Proxy | AI11: 100.112.26.10 | AJ11: =_xlfn.XLOOKUP(AI11,Sheet1!B:B,Sheet1!A:A) -> #N/A | AK11: 903 Proxy_to_Int | AL11: 100.112.27.10 | AM11: =_xlfn.XLOOKUP(AL11,Sheet1!B:B,Sheet1!A:A) -> #N/A | AN11: 917 DSD | AO11: 100.112.28.10 | AP11: =_xlfn.XLOOKUP(AO11,Sheet1!B:B,Sheet1!A:A) -> #N/A
B12: 100.112.0.11 | C12: =_xlfn.XLOOKUP(B12,Sheet1!B:B,Sheet1!A:A) -> #N/A | E12: 100.112.1.11 | F12: =_xlfn.XLOOKUP(E12,Sheet1!B:B,Sheet1!A:A) -> BLRSBMGETV01 | H12: 100.112.2.11 | I12: =_xlfn.XLOOKUP(H12,Sheet1!B:B,Sheet1!A:A) -> #N/A | J12: NAT_SUB 916 | K12: 100.112.3.11 | L12: =_xlfn.XLOOKUP(K12,Sheet1!B:B,Sheet1!A:A) -> #N/A | N12: 100.112.4.11 | O12: =_xlfn.XLOOKUP(N12,Sheet1!B:B,Sheet1!A:A) -> #N/A | P12: 867 UAT_WEB_WEB-E | Q12: 100.112.5.11 | R12: =_xlfn.XLOOKUP(Q12,Sheet1!B:B,Sheet1!A:A) -> #N/A | T12: 100.112.6.11 | U12: =_xlfn.XLOOKUP(T12,Sheet1!B:B,Sheet1!A:A) -> #N/A | V12: 912 UAT_APP2 | W12: 100.112.7.11 | X12: =_xlfn.XLOOKUP(W12,Sheet1!B:B,Sheet1!A:A) -> BLRSBMUTLNSAPP | Y12: 906 VDI-APP | Z12: 100.112.9.11 | AA12: =_xlfn.XLOOKUP(Z12,Sheet1!B:B,Sheet1!A:A) -> #N/A | AB12: 909 VDI | AC12: 100.112.10.11 | AD12: =_xlfn.XLOOKUP(AC12,Sheet1!B:B,Sheet1!A:A) -> BLRSBMRDSH02 | AE12: 670 New_APP | AF12: 100.112.12.11 | AG12: =_xlfn.XLOOKUP(AF12,Sheet1!B:B,Sheet1!A:A) -> #N/A | AH12: 902 Server_Proxy | AI12: 100.112.26.11 | AJ12: =_xlfn.XLOOKUP(AI12,Sheet1!B:B,Sheet1!A:A) -> #N/A | AK12: 903 Proxy_to_Int | AL12: 100.112.27.11 | AM12: =_xlfn.XLOOKUP(AL12,Sheet1!B:B,Sheet1!A:A) -> #N/A | AN12: 917 DSD | AO12: 100.112.28.11 | AP12: =_xlfn.XLOOKUP(AO12,Sheet1!B:B,Sheet1!A:A) -> #N/A
B13: 100.112.0.12 | C13: =_xlfn.XLOOKUP(B13,Sheet1!B:B,Sheet1!A:A) -> #N/A | E13: 100.112.1.12 | F13: =_xlfn.XLOOKUP(E13,Sheet1!B:B,Sheet1!A:A) -> BLRSBNESLAPP1 | H13: 100.112.2.12 | I13: =_xlfn.XLOOKUP(H13,Sheet1!B:B,Sheet1!A:A) -> #N/A | J13: NAT_SUB 916 | K13: 100.112.3.12 | L13: =_xlfn.XLOOKUP(K13,Sheet1!B:B,Sheet1!A:A) -> #N/A | N13: 100.112.4.12 | O13: =_xlfn.XLOOKUP(N13,Sheet1!B:B,Sheet1!A:A) -> #N/A | P13: 867 UAT_WEB_WEB-E | Q13: 100.112.5.12 | R13: =_xlfn.XLOOKUP(Q13,Sheet1!B:B,Sheet1!A:A) -> #N/A | T13: 100.112.6.12 | U13: =_xlfn.XLOOKUP(T13,Sheet1!B:B,Sheet1!A:A) -> #N/A | V13: 912 UAT_APP2 | W13: 100.112.7.12 | X13: =_xlfn.XLOOKUP(W13,Sheet1!B:B,Sheet1!A:A) -> BLRSBMUTSWFJMP | Y13: 906 VDI-APP | Z13: 100.112.9.12 | AA13: =_xlfn.XLOOKUP(Z13,Sheet1!B:B,Sheet1!A:A) -> #N/A | AB13: 909 VDI | AC13: 100.112.10.12 | AD13: =_xlfn.XLOOKUP(AC13,Sheet1!B:B,Sheet1!A:A) -> BLRSBMRDSH03 | AE13: 670 New_APP | AF13: 100.112.12.12 | AG13: =_xlfn.XLOOKUP(AF13,Sheet1!B:B,Sheet1!A:A) -> #N/A | AH13: 902 Server_Proxy | AI13: 100.112.26.12 | AJ13: =_xlfn.XLOOKUP(AI13,Sheet1!B:B,Sheet1!A:A) -> #N/A | AK13: 903 Proxy_to_Int | AL13: 100.112.27.12 | AM13: =_xlfn.XLOOKUP(AL13,Sheet1!B:B,Sheet1!A:A) -> #N/A | AN13: 917 DSD | AO13: 100.112.28.12 | AP13: =_xlfn.XLOOKUP(AO13,Sheet1!B:B,Sheet1!A:A) -> #N/A
B14: 100.112.0.13 | C14: =_xlfn.XLOOKUP(B14,Sheet1!B:B,Sheet1!A:A) -> #N/A | E14: 100.112.1.13 | F14: =_xlfn.XLOOKUP(E14,Sheet1!B:B,Sheet1!A:A) -> BLRSBMFTPAPP1 | H14: 100.112.2.13 | I14: =_xlfn.XLOOKUP(H14,Sheet1!B:B,Sheet1!A:A) -> #N/A | J14: NAT_SUB 916 | K14: 100.112.3.13 | L14: =_xlfn.XLOOKUP(K14,Sheet1!B:B,Sheet1!A:A) -> #N/A | N14: 100.112.4.13 | O14: =_xlfn.XLOOKUP(N14,Sheet1!B:B,Sheet1!A:A) -> #N/A | P14: 867 UAT_WEB_WEB-E | Q14: 100.112.5.13 | R14: =_xlfn.XLOOKUP(Q14,Sheet1!B:B,Sheet1!A:A) -> #N/A | T14: 100.112.6.13 | U14: =_xlfn.XLOOKUP(T14,Sheet1!B:B,Sheet1!A:A) -> #N/A | V14: 912 UAT_APP2 | W14: 100.112.7.13 | X14: =_xlfn.XLOOKUP(W14,Sheet1!B:B,Sheet1!A:A) -> BLRSBMUTCCIL | Y14: 906 VDI-APP | Z14: 100.112.9.13 | AA14: =_xlfn.XLOOKUP(Z14,Sheet1!B:B,Sheet1!A:A) -> #N/A | AB14: 909 VDI | AC14: 100.112.10.13 | AD14: =_xlfn.XLOOKUP(AC14,Sheet1!B:B,Sheet1!A:A) -> #N/A | AE14: 670 New_APP | AF14: 100.112.12.13 | AG14: =_xlfn.XLOOKUP(AF14,Sheet1!B:B,Sheet1!A:A) -> #N/A | AH14: 902 Server_Proxy | AI14: 100.112.26.13 | AJ14: =_xlfn.XLOOKUP(AI14,Sheet1!B:B,Sheet1!A:A) -> #N/A | AK14: 903 Proxy_to_Int | AL14: 100.112.27.13 | AM14: =_xlfn.XLOOKUP(AL14,Sheet1!B:B,Sheet1!A:A) -> #N/A | AN14: 917 DSD | AO14: 100.112.28.13 | AP14: =_xlfn.XLOOKUP(AO14,Sheet1!B:B,Sheet1!A:A) -> #N/A
B15: 100.112.0.14 | C15: =_xlfn.XLOOKUP(B15,Sheet1!B:B,Sheet1!A:A) -> #N/A | E15: 100.112.1.14 | F15: =_xlfn.XLOOKUP(E15,Sheet1!B:B,Sheet1!A:A) -> BLRSBMPFMSAPP1 | H15: 100.112.2.14 | I15: =_xlfn.XLOOKUP(H15,Sheet1!B:B,Sheet1!A:A) -> #N/A | J15: NAT_SUB 916 | K15: 100.112.3.14 | L15: =_xlfn.XLOOKUP(K15,Sheet1!B:B,Sheet1!A:A) -> #N/A | N15: 100.112.4.14 | O15: =_xlfn.XLOOKUP(N15,Sheet1!B:B,Sheet1!A:A) -> #N/A | P15: 867 UAT_WEB_WEB-E | Q15: 100.112.5.14 | R15: =_xlfn.XLOOKUP(Q15,Sheet1!B:B,Sheet1!A:A) -> #N/A | T15: 100.112.6.14 | U15: =_xlfn.XLOOKUP(T15,Sheet1!B:B,Sheet1!A:A) -> #N/A | V15: 912 UAT_APP2 | W15: 100.112.7.14 | X15: =_xlfn.XLOOKUP(W15,Sheet1!B:B,Sheet1!A:A) -> #N/A | Y15: 906 VDI-APP | Z15: 100.112.9.14 | AA15: =_xlfn.XLOOKUP(Z15,Sheet1!B:B,Sheet1!A:A) -> #N/A | AB15: 909 VDI | AC15: 100.112.10.14 | AD15: =_xlfn.XLOOKUP(AC15,Sheet1!B:B,Sheet1!A:A) -> #N/A | AE15: 670 New_APP | AF15: 100.112.12.14 | AG15: =_xlfn.XLOOKUP(AF15,Sheet1!B:B,Sheet1!A:A) -> #N/A | AH15: 902 Server_Proxy | AI15: 100.112.26.14 | AJ15: =_xlfn.XLOOKUP(AI15,Sheet1!B:B,Sheet1!A:A) -> #N/A | AK15: 903 Proxy_to_Int | AL15: 100.112.27.14 | AM15: =_xlfn.XLOOKUP(AL15,Sheet1!B:B,Sheet1!A:A) -> #N/A | AN15: 917 DSD | AO15: 100.112.28.14 | AP15: =_xlfn.XLOOKUP(AO15,Sheet1!B:B,Sheet1!A:A) -> #N/A
B16: 100.112.0.15 | C16: =_xlfn.XLOOKUP(B16,Sheet1!B:B,Sheet1!A:A) -> #N/A | E16: 100.112.1.15 | F16: =_xlfn.XLOOKUP(E16,Sheet1!B:B,Sheet1!A:A) -> BLRSBMAXIAPPRE01 | H16: 100.112.2.15 | I16: =_xlfn.XLOOKUP(H16,Sheet1!B:B,Sheet1!A:A) -> #N/A | J16: NAT_SUB 916 | K16: 100.112.3.15 | L16: =_xlfn.XLOOKUP(K16,Sheet1!B:B,Sheet1!A:A) -> #N/A | N16: 100.112.4.15 | O16: =_xlfn.XLOOKUP(N16,Sheet1!B:B,Sheet1!A:A) -> #N/A | P16: 867 UAT_WEB_WEB-E | Q16: 100.112.5.15 | R16: =_xlfn.XLOOKUP(Q16,Sheet1!B:B,Sheet1!A:A) -> #N/A | T16: 100.112.6.15 | U16: =_xlfn.XLOOKUP(T16,Sheet1!B:B,Sheet1!A:A) -> #N/A | V16: 912 UAT_APP2 | W16: 100.112.7.15 | X16: =_xlfn.XLOOKUP(W16,Sheet1!B:B,Sheet1!A:A) -> BLRSBMUTAMLAPP2 | Y16: 906 VDI-APP | Z16: 100.112.9.15 | AA16: =_xlfn.XLOOKUP(Z16,Sheet1!B:B,Sheet1!A:A) -> #N/A | AB16: 909 VDI | AC16: 100.112.10.15 | AD16: =_xlfn.XLOOKUP(AC16,Sheet1!B:B,Sheet1!A:A) -> #N/A | AE16: 670 New_APP | AF16: 100.112.12.15 | AG16: =_xlfn.XLOOKUP(AF16,Sheet1!B:B,Sheet1!A:A) -> #N/A | AI16: 100.112.26.15 | AJ16: =_xlfn.XLOOKUP(AI16,Sheet1!B:B,Sheet1!A:A) -> #N/A | AL16: 100.112.27.15 | AM16: =_xlfn.XLOOKUP(AL16,Sheet1!B:B,Sheet1!A:A) -> #N/A | AN16: 917 DSD | AO16: 100.112.28.15 | AP16: =_xlfn.XLOOKUP(AO16,Sheet1!B:B,Sheet1!A:A) -> #N/A
B17: 100.112.0.16 | C17: =_xlfn.XLOOKUP(B17,Sheet1!B:B,Sheet1!A:A) -> #N/A | E17: 100.112.1.16 | F17: =_xlfn.XLOOKUP(E17,Sheet1!B:B,Sheet1!A:A) -> BLRSBMAXIAPPDP01 | H17: 100.112.2.16 | I17: =_xlfn.XLOOKUP(H17,Sheet1!B:B,Sheet1!A:A) -> #N/A | J17: NAT_SUB 916 | K17: 100.112.3.16 | L17: =_xlfn.XLOOKUP(K17,Sheet1!B:B,Sheet1!A:A) -> #N/A | N17: 100.112.4.16 | O17: =_xlfn.XLOOKUP(N17,Sheet1!B:B,Sheet1!A:A) -> #N/A | P17: 867 UAT_WEB_WEB-E | Q17: 100.112.5.16 | R17: =_xlfn.XLOOKUP(Q17,Sheet1!B:B,Sheet1!A:A) -> #N/A | T17: 100.112.6.16 | U17: =_xlfn.XLOOKUP(T17,Sheet1!B:B,Sheet1!A:A) -> #N/A | V17: 912 UAT_APP2 | W17: 100.112.7.16 | X17: =_xlfn.XLOOKUP(W17,Sheet1!B:B,Sheet1!A:A) -> BLRSBMUTCCTAPP | Y17: 906 VDI-APP | Z17: 100.112.9.16 | AA17: =_xlfn.XLOOKUP(Z17,Sheet1!B:B,Sheet1!A:A) -> #N/A | AB17: 909 VDI | AC17: 100.112.10.16 | AD17: =_xlfn.XLOOKUP(AC17,Sheet1!B:B,Sheet1!A:A) -> #N/A | AE17: 670 New_APP | AF17: 100.112.12.16 | AG17: =_xlfn.XLOOKUP(AF17,Sheet1!B:B,Sheet1!A:A) -> #N/A | AI17: 100.112.26.16 | AJ17: =_xlfn.XLOOKUP(AI17,Sheet1!B:B,Sheet1!A:A) -> #N/A | AL17: 100.112.27.16 | AM17: =_xlfn.XLOOKUP(AL17,Sheet1!B:B,Sheet1!A:A) -> #N/A | AN17: 917 DSD | AO17: 100.112.28.16 | AP17: =_xlfn.XLOOKUP(AO17,Sheet1!B:B,Sheet1!A:A) -> #N/A
B18: 100.112.0.17 | C18: =_xlfn.XLOOKUP(B18,Sheet1!B:B,Sheet1!A:A) -> #N/A | E18: 100.112.1.17 | F18: =_xlfn.XLOOKUP(E18,Sheet1!B:B,Sheet1!A:A) -> BANSBMCRMPRODAP | H18: 100.112.2.17 | I18: =_xlfn.XLOOKUP(H18,Sheet1!B:B,Sheet1!A:A) -> #N/A | J18: NAT_SUB 916 | K18: 100.112.3.17 | L18: =_xlfn.XLOOKUP(K18,Sheet1!B:B,Sheet1!A:A) -> #N/A | N18: 100.112.4.17 | O18: =_xlfn.XLOOKUP(N18,Sheet1!B:B,Sheet1!A:A) -> #N/A | P18: 867 UAT_WEB_WEB-E | Q18: 100.112.5.17 | R18: =_xlfn.XLOOKUP(Q18,Sheet1!B:B,Sheet1!A:A) -> BLRSBMPFMUATAPP | T18: 100.112.6.17 | U18: =_xlfn.XLOOKUP(T18,Sheet1!B:B,Sheet1!A:A) -> #N/A | V18: 912 UAT_APP2 | W18: 100.112.7.17 | X18: =_xlfn.XLOOKUP(W18,Sheet1!B:B,Sheet1!A:A) -> BLRSBMUTCKYCAP | Y18: 906 VDI-APP | Z18: 100.112.9.17 | AA18: =_xlfn.XLOOKUP(Z18,Sheet1!B:B,Sheet1!A:A) -> #N/A | AB18: 909 VDI | AC18: 100.112.10.17 | AD18: =_xlfn.XLOOKUP(AC18,Sheet1!B:B,Sheet1!A:A) -> #N/A | AE18: 670 New_APP | AF18: 100.112.12.17 | AG18: =_xlfn.XLOOKUP(AF18,Sheet1!B:B,Sheet1!A:A) -> #N/A | AI18: 100.112.26.17 | AJ18: =_xlfn.XLOOKUP(AI18,Sheet1!B:B,Sheet1!A:A) -> #N/A | AL18: 100.112.27.17 | AM18: =_xlfn.XLOOKUP(AL18,Sheet1!B:B,Sheet1!A:A) -> #N/A | AN18: 917 DSD | AO18: 100.112.28.17 | AP18: =_xlfn.XLOOKUP(AO18,Sheet1!B:B,Sheet1!A:A) -> #N/A
B19: 100.112.0.18 | C19: =_xlfn.XLOOKUP(B19,Sheet1!B:B,Sheet1!A:A) -> #N/A | E19: 100.112.1.18 | F19: =_xlfn.XLOOKUP(E19,Sheet1!B:B,Sheet1!A:A) -> BLRSBMDRFMSAPP | H19: 100.112.2.18 | I19: =_xlfn.XLOOKUP(H19,Sheet1!B:B,Sheet1!A:A) -> #N/A | J19: NAT_SUB 916 | K19: 100.112.3.18 | L19: =_xlfn.XLOOKUP(K19,Sheet1!B:B,Sheet1!A:A) -> #N/A | N19: 100.112.4.18 | O19: =_xlfn.XLOOKUP(N19,Sheet1!B:B,Sheet1!A:A) -> #N/A | P19: 867 UAT_WEB_WEB-E | Q19: 100.112.5.18 | R19: =_xlfn.XLOOKUP(Q19,Sheet1!B:B,Sheet1!A:A) -> BLRSBMPFMUATDB | T19: 100.112.6.18 | U19: =_xlfn.XLOOKUP(T19,Sheet1!B:B,Sheet1!A:A) -> #N/A | V19: 912 UAT_APP2 | W19: 100.112.7.18 | X19: =_xlfn.XLOOKUP(W19,Sheet1!B:B,Sheet1!A:A) -> BLRSBMUTCKYCAP2 | Y19: 907 VDI-WEB | Z19: 100.112.9.18 | AA19: =_xlfn.XLOOKUP(Z19,Sheet1!B:B,Sheet1!A:A) -> BLRSBMVDIUAG01 | AB19: 909 VDI | AC19: 100.112.10.18 | AD19: =_xlfn.XLOOKUP(AC19,Sheet1!B:B,Sheet1!A:A) -> #N/A | AE19: 670 New_APP | AF19: 100.112.12.18 | AG19: =_xlfn.XLOOKUP(AF19,Sheet1!B:B,Sheet1!A:A) -> #N/A | AI19: 100.112.26.18 | AJ19: =_xlfn.XLOOKUP(AI19,Sheet1!B:B,Sheet1!A:A) -> #N/A | AL19: 100.112.27.18 | AM19: =_xlfn.XLOOKUP(AL19,Sheet1!B:B,Sheet1!A:A) -> #N/A | AN19: 917 DSD | AO19: 100.112.28.18 | AP19: =_xlfn.XLOOKUP(AO19,Sheet1!B:B,Sheet1!A:A) -> #N/A
B20: 100.112.0.19 | C20: =_xlfn.XLOOKUP(B20,Sheet1!B:B,Sheet1!A:A) -> #N/A | E20: 100.112.1.19 | F20: =_xlfn.XLOOKUP(E20,Sheet1!B:B,Sheet1!A:A) -> #N/A | H20: 100.112.2.19 | I20: =_xlfn.XLOOKUP(H20,Sheet1!B:B,Sheet1!A:A) -> #N/A | J20: NAT_SUB 916 | K20: 100.112.3.19 | L20: =_xlfn.XLOOKUP(K20,Sheet1!B:B,Sheet1!A:A) -> #N/A | N20: 100.112.4.19 | O20: =_xlfn.XLOOKUP(N20,Sheet1!B:B,Sheet1!A:A) -> #N/A | P20: 867 UAT_WEB_WEB-E | Q20: 100.112.5.19 | R20: =_xlfn.XLOOKUP(Q20,Sheet1!B:B,Sheet1!A:A) -> BLRSBMD2K | T20: 100.112.6.19 | U20: =_xlfn.XLOOKUP(T20,Sheet1!B:B,Sheet1!A:A) -> #N/A | V20: 912 UAT_APP2 | W20: 100.112.7.19 | X20: =_xlfn.XLOOKUP(W20,Sheet1!B:B,Sheet1!A:A) -> BLRSBMIVRUTAP1 | Y20: 907 VDI-WEB | Z20: 100.112.9.19 | AA20: =_xlfn.XLOOKUP(Z20,Sheet1!B:B,Sheet1!A:A) -> #N/A | AB20: 909 VDI | AC20: 100.112.10.19 | AD20: =_xlfn.XLOOKUP(AC20,Sheet1!B:B,Sheet1!A:A) -> #N/A | AE20: 670 New_APP | AF20: 100.112.12.19 | AG20: =_xlfn.XLOOKUP(AF20,Sheet1!B:B,Sheet1!A:A) -> #N/A | AI20: 100.112.26.19 | AJ20: =_xlfn.XLOOKUP(AI20,Sheet1!B:B,Sheet1!A:A) -> #N/A | AL20: 100.112.27.19 | AM20: =_xlfn.XLOOKUP(AL20,Sheet1!B:B,Sheet1!A:A) -> #N/A | AN20: 917 DSD | AO20: 100.112.28.19 | AP20: =_xlfn.XLOOKUP(AO20,Sheet1!B:B,Sheet1!A:A) -> #N/A
B21: 100.112.0.20 | C21: =_xlfn.XLOOKUP(B21,Sheet1!B:B,Sheet1!A:A) -> #N/A | E21: 100.112.1.20 | F21: =_xlfn.XLOOKUP(E21,Sheet1!B:B,Sheet1!A:A) -> BLRSBMAMLAPP1 | H21: 100.112.2.20 | I21: =_xlfn.XLOOKUP(H21,Sheet1!B:B,Sheet1!A:A) -> #N/A | J21: NAT_SUB 916 | K21: 100.112.3.20 | L21: =_xlfn.XLOOKUP(K21,Sheet1!B:B,Sheet1!A:A) -> #N/A | N21: 100.112.4.20 | O21: =_xlfn.XLOOKUP(N21,Sheet1!B:B,Sheet1!A:A) -> #N/A | P21: 867 UAT_WEB_WEB-E | Q21: 100.112.5.20 | R21: =_xlfn.XLOOKUP(Q21,Sheet1!B:B,Sheet1!A:A) -> BLRSBMWEB2 | T21: 100.112.6.20 | U21: =_xlfn.XLOOKUP(T21,Sheet1!B:B,Sheet1!A:A) -> #N/A | V21: 912 UAT_APP2 | W21: 100.112.7.20 | X21: =_xlfn.XLOOKUP(W21,Sheet1!B:B,Sheet1!A:A) -> BLRSBMIVRUTAP2 | Y21: 907 VDI-WEB | Z21: 100.112.9.20 | AA21: =_xlfn.XLOOKUP(Z21,Sheet1!B:B,Sheet1!A:A) -> #N/A | AB21: 909 VDI | AC21: 100.112.10.20 | AD21: =_xlfn.XLOOKUP(AC21,Sheet1!B:B,Sheet1!A:A) -> #N/A | AE21: 670 New_APP | AF21: 100.112.12.20 | AG21: =_xlfn.XLOOKUP(AF21,Sheet1!B:B,Sheet1!A:A) -> #N/A | AI21: 100.112.26.20 | AJ21: =_xlfn.XLOOKUP(AI21,Sheet1!B:B,Sheet1!A:A) -> #N/A | AL21: 100.112.27.20 | AM21: =_xlfn.XLOOKUP(AL21,Sheet1!B:B,Sheet1!A:A) -> #N/A | AN21: 917 DSD | AO21: 100.112.28.20 | AP21: =_xlfn.XLOOKUP(AO21,Sheet1!B:B,Sheet1!A:A) -> #N/A
B22: 100.112.0.21 | C22: =_xlfn.XLOOKUP(B22,Sheet1!B:B,Sheet1!A:A) -> #N/A | E22: 100.112.1.21 | F22: =_xlfn.XLOOKUP(E22,Sheet1!B:B,Sheet1!A:A) -> BLRSBMEFTAPP1 | H22: 100.112.2.21 | I22: =_xlfn.XLOOKUP(H22,Sheet1!B:B,Sheet1!A:A) -> #N/A | J22: NAT_SUB 916 | K22: 100.112.3.21 | L22: =_xlfn.XLOOKUP(K22,Sheet1!B:B,Sheet1!A:A) -> #N/A | N22: 100.112.4.21 | O22: =_xlfn.XLOOKUP(N22,Sheet1!B:B,Sheet1!A:A) -> #N/A | P22: 867 UAT_WEB_WEB-E | Q22: 100.112.5.21 | R22: =_xlfn.XLOOKUP(Q22,Sheet1!B:B,Sheet1!A:A) -> #N/A | T22: 100.112.6.21 | U22: =_xlfn.XLOOKUP(T22,Sheet1!B:B,Sheet1!A:A) -> #N/A | V22: 912 UAT_APP2 | W22: 100.112.7.21 | X22: =_xlfn.XLOOKUP(W22,Sheet1!B:B,Sheet1!A:A) -> #N/A | Y22: 907 VDI-WEB | Z22: 100.112.9.21 | AA22: =_xlfn.XLOOKUP(Z22,Sheet1!B:B,Sheet1!A:A) -> #N/A | AB22: 909 VDI | AC22: 100.112.10.21 | AD22: =_xlfn.XLOOKUP(AC22,Sheet1!B:B,Sheet1!A:A) -> #N/A | AE22: 670 New_APP | AF22: 100.112.12.21 | AG22: =_xlfn.XLOOKUP(AF22,Sheet1!B:B,Sheet1!A:A) -> #N/A | AI22: 100.112.26.21 | AJ22: =_xlfn.XLOOKUP(AI22,Sheet1!B:B,Sheet1!A:A) -> #N/A | AL22: 100.112.27.21 | AM22: =_xlfn.XLOOKUP(AL22,Sheet1!B:B,Sheet1!A:A) -> #N/A | AN22: 917 DSD | AO22: 100.112.28.21 | AP22: =_xlfn.XLOOKUP(AO22,Sheet1!B:B,Sheet1!A:A) -> #N/A
B23: 100.112.0.22 | C23: =_xlfn.XLOOKUP(B23,Sheet1!B:B,Sheet1!A:A) -> #N/A | E23: 100.112.1.22 | F23: =_xlfn.XLOOKUP(E23,Sheet1!B:B,Sheet1!A:A) -> BLRSBMDRSFMSMQ | H23: 100.112.2.22 | I23: =_xlfn.XLOOKUP(H23,Sheet1!B:B,Sheet1!A:A) -> #N/A | J23: NAT_SUB 916 | K23: 100.112.3.22 | L23: =_xlfn.XLOOKUP(K23,Sheet1!B:B,Sheet1!A:A) -> #N/A | N23: 100.112.4.22 | O23: =_xlfn.XLOOKUP(N23,Sheet1!B:B,Sheet1!A:A) -> #N/A | P23: 867 UAT_WEB_WEB-E | Q23: 100.112.5.22 | R23: =_xlfn.XLOOKUP(Q23,Sheet1!B:B,Sheet1!A:A) -> BLRSBMUATPRYJWEB01 | T23: 100.112.6.22 | U23: =_xlfn.XLOOKUP(T23,Sheet1!B:B,Sheet1!A:A) -> #N/A | V23: 912 UAT_APP2 | W23: 100.112.7.22 | X23: =_xlfn.XLOOKUP(W23,Sheet1!B:B,Sheet1!A:A) -> #N/A | Y23: 907 VDI-WEB | Z23: 100.112.9.22 | AA23: =_xlfn.XLOOKUP(Z23,Sheet1!B:B,Sheet1!A:A) -> #N/A | AB23: 909 VDI | AC23: 100.112.10.22 | AD23: =_xlfn.XLOOKUP(AC23,Sheet1!B:B,Sheet1!A:A) -> #N/A | AE23: 670 New_APP | AF23: 100.112.12.22 | AG23: =_xlfn.XLOOKUP(AF23,Sheet1!B:B,Sheet1!A:A) -> #N/A | AI23: 100.112.26.22 | AJ23: =_xlfn.XLOOKUP(AI23,Sheet1!B:B,Sheet1!A:A) -> #N/A | AL23: 100.112.27.22 | AM23: =_xlfn.XLOOKUP(AL23,Sheet1!B:B,Sheet1!A:A) -> #N/A | AN23: 917 DSD | AO23: 100.112.28.22 | AP23: =_xlfn.XLOOKUP(AO23,Sheet1!B:B,Sheet1!A:A) -> #N/A
B24: 100.112.0.23 | C24: =_xlfn.XLOOKUP(B24,Sheet1!B:B,Sheet1!A:A) -> #N/A | E24: 100.112.1.23 | F24: =_xlfn.XLOOKUP(E24,Sheet1!B:B,Sheet1!A:A) -> BLRSBMFINJBOSS1 | H24: 100.112.2.23 | I24: =_xlfn.XLOOKUP(H24,Sheet1!B:B,Sheet1!A:A) -> #N/A | J24: NAT_SUB 916 | K24: 100.112.3.23 | L24: =_xlfn.XLOOKUP(K24,Sheet1!B:B,Sheet1!A:A) -> #N/A | N24: 100.112.4.23 | O24: =_xlfn.XLOOKUP(N24,Sheet1!B:B,Sheet1!A:A) -> #N/A | P24: 867 UAT_WEB_WEB-E | Q24: 100.112.5.23 | R24: =_xlfn.XLOOKUP(Q24,Sheet1!B:B,Sheet1!A:A) -> BLRSBMUATBMLWEB01 | T24: 100.112.6.23 | U24: =_xlfn.XLOOKUP(T24,Sheet1!B:B,Sheet1!A:A) -> #N/A | V24: 912 UAT_APP2 | W24: 100.112.7.23 | X24: =_xlfn.XLOOKUP(W24,Sheet1!B:B,Sheet1!A:A) -> BLRSBMUTCAMAP1 | Y24: 907 VDI-WEB | Z24: 100.112.9.23 | AA24: =_xlfn.XLOOKUP(Z24,Sheet1!B:B,Sheet1!A:A) -> #N/A | AB24: 909 VDI | AC24: 100.112.10.23 | AD24: =_xlfn.XLOOKUP(AC24,Sheet1!B:B,Sheet1!A:A) -> #N/A | AE24: 670 New_APP | AF24: 100.112.12.23 | AG24: =_xlfn.XLOOKUP(AF24,Sheet1!B:B,Sheet1!A:A) -> #N/A | AI24: 100.112.26.23 | AJ24: =_xlfn.XLOOKUP(AI24,Sheet1!B:B,Sheet1!A:A) -> #N/A | AL24: 100.112.27.23 | AM24: =_xlfn.XLOOKUP(AL24,Sheet1!B:B,Sheet1!A:A) -> #N/A | AN24: 917 DSD | AO24: 100.112.28.23 | AP24: =_xlfn.XLOOKUP(AO24,Sheet1!B:B,Sheet1!A:A) -> #N/A
B25: 100.112.0.24 | C25: =_xlfn.XLOOKUP(B25,Sheet1!B:B,Sheet1!A:A) -> #N/A | E25: 100.112.1.24 | F25: =_xlfn.XLOOKUP(E25,Sheet1!B:B,Sheet1!A:A) -> BLRSBMCSISAPP01 | H25: 100.112.2.24 | I25: =_xlfn.XLOOKUP(H25,Sheet1!B:B,Sheet1!A:A) -> #N/A | J25: NAT_SUB 916 | K25: 100.112.3.24 | L25: =_xlfn.XLOOKUP(K25,Sheet1!B:B,Sheet1!A:A) -> #N/A | N25: 100.112.4.24 | O25: =_xlfn.XLOOKUP(N25,Sheet1!B:B,Sheet1!A:A) -> #N/A | P25: 867 UAT_WEB_WEB-E | Q25: 100.112.5.24 | R25: =_xlfn.XLOOKUP(Q25,Sheet1!B:B,Sheet1!A:A) -> BLRSBMUATRDLWEB01 | T25: 100.112.6.24 | U25: =_xlfn.XLOOKUP(T25,Sheet1!B:B,Sheet1!A:A) -> #N/A | V25: 912 UAT_APP2 | W25: 100.112.7.24 | X25: =_xlfn.XLOOKUP(W25,Sheet1!B:B,Sheet1!A:A) -> BLRSBMUTFRMAPP | Y25: 907 VDI-WEB | Z25: 100.112.9.24 | AA25: =_xlfn.XLOOKUP(Z25,Sheet1!B:B,Sheet1!A:A) -> #N/A | AB25: 909 VDI | AC25: 100.112.10.24 | AD25: =_xlfn.XLOOKUP(AC25,Sheet1!B:B,Sheet1!A:A) -> #N/A | AE25: 670 New_APP | AF25: 100.112.12.24 | AG25: =_xlfn.XLOOKUP(AF25,Sheet1!B:B,Sheet1!A:A) -> #N/A | AI25: 100.112.26.24 | AJ25: =_xlfn.XLOOKUP(AI25,Sheet1!B:B,Sheet1!A:A) -> #N/A | AL25: 100.112.27.24 | AM25: =_xlfn.XLOOKUP(AL25,Sheet1!B:B,Sheet1!A:A) -> #N/A | AN25: 917 DSD | AO25: 100.112.28.24 | AP25: =_xlfn.XLOOKUP(AO25,Sheet1!B:B,Sheet1!A:A) -> #N/A
B26: 100.112.0.25 | C26: =_xlfn.XLOOKUP(B26,Sheet1!B:B,Sheet1!A:A) -> #N/A | E26: 100.112.1.25 | F26: =_xlfn.XLOOKUP(E26,Sheet1!B:B,Sheet1!A:A) -> #N/A | H26: 100.112.2.25 | I26: =_xlfn.XLOOKUP(H26,Sheet1!B:B,Sheet1!A:A) -> #N/A | J26: NAT_SUB 916 | K26: 100.112.3.25 | L26: =_xlfn.XLOOKUP(K26,Sheet1!B:B,Sheet1!A:A) -> #N/A | N26: 100.112.4.25 | O26: =_xlfn.XLOOKUP(N26,Sheet1!B:B,Sheet1!A:A) -> #N/A | P26: 867 UAT_WEB_WEB-E | Q26: 100.112.5.25 | R26: =_xlfn.XLOOKUP(Q26,Sheet1!B:B,Sheet1!A:A) -> BLRSBMUATRDLWEB02 | T26: 100.112.6.25 | U26: =_xlfn.XLOOKUP(T26,Sheet1!B:B,Sheet1!A:A) -> #N/A | V26: 912 UAT_APP2 | W26: 100.112.7.25 | X26: =_xlfn.XLOOKUP(W26,Sheet1!B:B,Sheet1!A:A) -> #N/A | Y26: 907 VDI-WEB | Z26: 100.112.9.25 | AA26: =_xlfn.XLOOKUP(Z26,Sheet1!B:B,Sheet1!A:A) -> #N/A | AB26: 909 VDI | AC26: 100.112.10.25 | AD26: =_xlfn.XLOOKUP(AC26,Sheet1!B:B,Sheet1!A:A) -> #N/A | AE26: 670 New_APP | AF26: 100.112.12.25 | AG26: =_xlfn.XLOOKUP(AF26,Sheet1!B:B,Sheet1!A:A) -> #N/A | AI26: 100.112.26.25 | AJ26: =_xlfn.XLOOKUP(AI26,Sheet1!B:B,Sheet1!A:A) -> #N/A | AL26: 100.112.27.25 | AM26: =_xlfn.XLOOKUP(AL26,Sheet1!B:B,Sheet1!A:A) -> #N/A | AN26: 917 DSD | AO26: 100.112.28.25 | AP26: =_xlfn.XLOOKUP(AO26,Sheet1!B:B,Sheet1!A:A) -> #N/A
B27: 100.112.0.26 | C27: =_xlfn.XLOOKUP(B27,Sheet1!B:B,Sheet1!A:A) -> #N/A | E27: 100.112.1.26 | F27: =_xlfn.XLOOKUP(E27,Sheet1!B:B,Sheet1!A:A) -> BLRSBMWEBNEW | H27: 100.112.2.26 | I27: =_xlfn.XLOOKUP(H27,Sheet1!B:B,Sheet1!A:A) -> #N/A | J27: NAT_SUB 916 | K27: 100.112.3.26 | L27: =_xlfn.XLOOKUP(K27,Sheet1!B:B,Sheet1!A:A) -> #N/A | N27: 100.112.4.26 | O27: =_xlfn.XLOOKUP(N27,Sheet1!B:B,Sheet1!A:A) -> #N/A | P27: 867 UAT_WEB_WEB-E | Q27: 100.112.5.26 | R27: =_xlfn.XLOOKUP(Q27,Sheet1!B:B,Sheet1!A:A) -> #N/A | T27: 100.112.6.26 | U27: =_xlfn.XLOOKUP(T27,Sheet1!B:B,Sheet1!A:A) -> #N/A | V27: 912 UAT_APP2 | W27: 100.112.7.26 | X27: =_xlfn.XLOOKUP(W27,Sheet1!B:B,Sheet1!A:A) -> BLRSBMCNTRVAPOC | Y27: 907 VDI-WEB | Z27: 100.112.9.26 | AA27: =_xlfn.XLOOKUP(Z27,Sheet1!B:B,Sheet1!A:A) -> #N/A | AB27: 909 VDI | AC27: 100.112.10.26 | AD27: =_xlfn.XLOOKUP(AC27,Sheet1!B:B,Sheet1!A:A) -> #N/A | AE27: 670 New_APP | AF27: 100.112.12.26 | AG27: =_xlfn.XLOOKUP(AF27,Sheet1!B:B,Sheet1!A:A) -> #N/A | AI27: 100.112.26.26 | AJ27: =_xlfn.XLOOKUP(AI27,Sheet1!B:B,Sheet1!A:A) -> #N/A | AL27: 100.112.27.26 | AM27: =_xlfn.XLOOKUP(AL27,Sheet1!B:B,Sheet1!A:A) -> #N/A | AN27: 917 DSD | AO27: 100.112.28.26 | AP27: =_xlfn.XLOOKUP(AO27,Sheet1!B:B,Sheet1!A:A) -> #N/A
... B32: 100.112.0.31 | C32: =_xlfn.XLOOKUP(B32,Sheet1!B:B,Sheet1!A:A) -> #N/A | E32: 100.112.1.31 | F32: =_xlfn.XLOOKUP(E32,Sheet1!B:B,Sheet1!A:A) -> BLRSBMACIAPP01 | H32: 100.112.2.31 | I32: =_xlfn.XLOOKUP(H32,Sheet1!B:B,Sheet1!A:A) -> #N/A | J32: NAT_SUB 916 | K32: 100.112.3.31 | L32: =_xlfn.XLOOKUP(K32,Sheet1!B:B,Sheet1!A:A) -> #N/A | N32: 100.112.4.31 | O32: =_xlfn.XLOOKUP(N32,Sheet1!B:B,Sheet1!A:A) -> #N/A | P32: 867 UAT_WEB_WEB-E | Q32: 100.112.5.31 | R32: =_xlfn.XLOOKUP(Q32,Sheet1!B:B,Sheet1!A:A) -> #N/A | T32: 100.112.6.31 | U32: =_xlfn.XLOOKUP(T32,Sheet1!B:B,Sheet1!A:A) -> #N/A | V32: 912 UAT_APP2 | W32: 100.112.7.31 | X32: =_xlfn.XLOOKUP(W32,Sheet1!B:B,Sheet1!A:A) -> #N/A | Y32: 907 VDI-WEB | Z32: 100.112.9.31 | AA32: =_xlfn.XLOOKUP(Z32,Sheet1!B:B,Sheet1!A:A) -> #N/A | AB32: 909 VDI | AC32: 100.112.10.31 | AD32: =_xlfn.XLOOKUP(AC32,Sheet1!B:B,Sheet1!A:A) -> #N/A | AE32: 670 New_APP | AF32: 100.112.12.31 | AG32: =_xlfn.XLOOKUP(AF32,Sheet1!B:B,Sheet1!A:A) -> #N/A | AI32: 100.112.26.31 | AJ32: =_xlfn.XLOOKUP(AI32,Sheet1!B:B,Sheet1!A:A) -> #N/A | AL32: 100.112.27.31 | AM32: =_xlfn.XLOOKUP(AL32,Sheet1!B:B,Sheet1!A:A) -> #N/A | AN32: 917 DSD | AO32: 100.112.28.31 | AP32: =_xlfn.XLOOKUP(AO32,Sheet1!B:B,Sheet1!A:A) -> #N/A
B33: 100.112.0.32 | C33: =_xlfn.XLOOKUP(B33,Sheet1!B:B,Sheet1!A:A) -> #N/A | E33: 100.112.1.32 | F33: =_xlfn.XLOOKUP(E33,Sheet1!B:B,Sheet1!A:A) -> BANSBMKDMSAPP | H33: 100.112.2.32 | I33: =_xlfn.XLOOKUP(H33,Sheet1!B:B,Sheet1!A:A) -> #N/A | J33: NAT_SUB 916 | K33: 100.112.3.32 | L33: =_xlfn.XLOOKUP(K33,Sheet1!B:B,Sheet1!A:A) -> #N/A | M33: 866 UAT-WEBJAP | N33: 100.112.4.32 | O33: =_xlfn.XLOOKUP(N33,Sheet1!B:B,Sheet1!A:A) -> #N/A | P33: 867 UAT_WEB_WEB-E | Q33: 100.112.5.32 | R33: =_xlfn.XLOOKUP(Q33,Sheet1!B:B,Sheet1!A:A) -> #N/A | T33: 100.112.6.32 | U33: =_xlfn.XLOOKUP(T33,Sheet1!B:B,Sheet1!A:A) -> #N/A | V33: 912 UAT_APP2 | W33: 100.112.7.32 | X33: =_xlfn.XLOOKUP(W33,Sheet1!B:B,Sheet1!A:A) -> #N/A | Y33: 907 VDI-WEB | Z33: 100.112.9.32 | AA33: =_xlfn.XLOOKUP(Z33,Sheet1!B:B,Sheet1!A:A) -> #N/A | AB33: 909 VDI | AC33: 100.112.10.32 | AD33: =_xlfn.XLOOKUP(AC33,Sheet1!B:B,Sheet1!A:A) -> #N/A | AE33: 670 New_APP | AF33: 100.112.12.32 | AG33: =_xlfn.XLOOKUP(AF33,Sheet1!B:B,Sheet1!A:A) -> #N/A | AI33: 100.112.26.32 | AJ33: =_xlfn.XLOOKUP(AI33,Sheet1!B:B,Sheet1!A:A) -> #N/A | AL33: 100.112.27.32 | AM33: =_xlfn.XLOOKUP(AL33,Sheet1!B:B,Sheet1!A:A) -> #N/A | AN33: 917 DSD | AO33: 100.112.28.32 | AP33: =_xlfn.XLOOKUP(AO33,Sheet1!B:B,Sheet1!A:A) -> #N/A
B34: 100.112.0.33 | C34: =_xlfn.XLOOKUP(B34,Sheet1!B:B,Sheet1!A:A) -> #N/A | E34: 100.112.1.33 | F34: =_xlfn.XLOOKUP(E34,Sheet1!B:B,Sheet1!A:A) -> BLRSBMUATRFMSA1 | H34: 100.112.2.33 | I34: =_xlfn.XLOOKUP(H34,Sheet1!B:B,Sheet1!A:A) -> #N/A | J34: NAT_SUB 916 | K34: 100.112.3.33 | L34: =_xlfn.XLOOKUP(K34,Sheet1!B:B,Sheet1!A:A) -> #N/A | M34: 866 UAT-WEBJAP | N34: 100.112.4.33 | O34: =_xlfn.XLOOKUP(N34,Sheet1!B:B,Sheet1!A:A) -> #N/A | P34: 865 UAT-WEB-I | Q34: 100.112.5.33 | R34: =_xlfn.XLOOKUP(Q34,Sheet1!B:B,Sheet1!A:A) -> #N/A | S34: 872 AD_Prod | T34: 100.112.6.33 | U34: =_xlfn.XLOOKUP(T34,Sheet1!B:B,Sheet1!A:A) -> #N/A | V34: 912 UAT_APP2 | W34: 100.112.7.33 | X34: =_xlfn.XLOOKUP(W34,Sheet1!B:B,Sheet1!A:A) -> #N/A | Y34: 907 VDI-WEB | Z34: 100.112.9.33 | AA34: =_xlfn.XLOOKUP(Z34,Sheet1!B:B,Sheet1!A:A) -> #N/A | AB34: 909 VDI | AC34: 100.112.10.33 | AD34: =_xlfn.XLOOKUP(AC34,Sheet1!B:B,Sheet1!A:A) -> #N/A | AE34: 670 New_APP | AF34: 100.112.12.33 | AG34: =_xlfn.XLOOKUP(AF34,Sheet1!B:B,Sheet1!A:A) -> #N/A | AI34: 100.112.26.33 | AJ34: =_xlfn.XLOOKUP(AI34,Sheet1!B:B,Sheet1!A:A) -> #N/A | AL34: 100.112.27.33 | AM34: =_xlfn.XLOOKUP(AL34,Sheet1!B:B,Sheet1!A:A) -> #N/A | AN34: 917 DSD | AO34: 100.112.28.33 | AP34: =_xlfn.XLOOKUP(AO34,Sheet1!B:B,Sheet1!A:A) -> #N/A
B35: 100.112.0.34 | C35: =_xlfn.XLOOKUP(B35,Sheet1!B:B,Sheet1!A:A) -> #N/A | E35: 100.112.1.34 | F35: =_xlfn.XLOOKUP(E35,Sheet1!B:B,Sheet1!A:A) -> BLRSBMUATRFMSA2 | H35: 100.112.2.34 | I35: =_xlfn.XLOOKUP(H35,Sheet1!B:B,Sheet1!A:A) -> #N/A | J35: NAT_SUB 916 | K35: 100.112.3.34 | L35: =_xlfn.XLOOKUP(K35,Sheet1!B:B,Sheet1!A:A) -> #N/A | M35: 866 UAT-WEBJAP | N35: 100.112.4.34 | O35: =_xlfn.XLOOKUP(N35,Sheet1!B:B,Sheet1!A:A) -> ASA VLAN Standby | P35: 865 UAT-WEB-I | Q35: 100.112.5.34 | R35: =_xlfn.XLOOKUP(Q35,Sheet1!B:B,Sheet1!A:A) -> ASA VLAN Standby | S35: 872 AD_Prod | T35: 100.112.6.34 | U35: =_xlfn.XLOOKUP(T35,Sheet1!B:B,Sheet1!A:A) -> BLRSBMUATIBPSAPP_VS_443 | V35: 912 UAT_APP2 | W35: 100.112.7.34 | X35: =_xlfn.XLOOKUP(W35,Sheet1!B:B,Sheet1!A:A) -> #N/A | Y35: 908 VDI-DB | Z35: 100.112.9.34 | AA35: =_xlfn.XLOOKUP(Z35,Sheet1!B:B,Sheet1!A:A) -> BLRSBMVDIDB01 | AB35: 909 VDI | AC35: 100.112.10.34 | AD35: =_xlfn.XLOOKUP(AC35,Sheet1!B:B,Sheet1!A:A) -> #N/A | AE35: 670 New_APP | AF35: 100.112.12.34 | AG35: =_xlfn.XLOOKUP(AF35,Sheet1!B:B,Sheet1!A:A) -> #N/A | AI35: 100.112.26.34 | AJ35: =_xlfn.XLOOKUP(AI35,Sheet1!B:B,Sheet1!A:A) -> #N/A | AL35: 100.112.27.34 | AM35: =_xlfn.XLOOKUP(AL35,Sheet1!B:B,Sheet1!A:A) -> #N/A | AN35: 917 DSD | AO35: 100.112.28.34 | AP35: =_xlfn.XLOOKUP(AO35,Sheet1!B:B,Sheet1!A:A) -> #N/A
B36: 100.112.0.35 | C36: =_xlfn.XLOOKUP(B36,Sheet1!B:B,Sheet1!A:A) -> #N/A | E36: 100.112.1.35 | F36: =_xlfn.XLOOKUP(E36,Sheet1!B:B,Sheet1!A:A) -> BLRSBMUATRFMSMQ | H36: 100.112.2.35 | I36: =_xlfn.XLOOKUP(H36,Sheet1!B:B,Sheet1!A:A) -> #N/A | J36: NAT_SUB 916 | K36: 100.112.3.35 | L36: =_xlfn.XLOOKUP(K36,Sheet1!B:B,Sheet1!A:A) -> #N/A | M36: 866 UAT-WEBJAP | N36: 100.112.4.35 | O36: =_xlfn.XLOOKUP(N36,Sheet1!B:B,Sheet1!A:A) -> ASA VLAN Standby | P36: 865 UAT-WEB-I | Q36: 100.112.5.35 | R36: =_xlfn.XLOOKUP(Q36,Sheet1!B:B,Sheet1!A:A) -> ASA VLAN Standby | S36: 872 AD_Prod | T36: 100.112.6.35 | U36: =_xlfn.XLOOKUP(T36,Sheet1!B:B,Sheet1!A:A) -> BLRSBMUATIBPSAPP_VS_8083 | V36: 912 UAT_APP2 | W36: 100.112.7.35 | X36: =_xlfn.XLOOKUP(W36,Sheet1!B:B,Sheet1!A:A) -> #N/A | Y36: 908 VDI-DB | Z36: 100.112.9.35 | AA36: =_xlfn.XLOOKUP(Z36,Sheet1!B:B,Sheet1!A:A) -> #N/A | AB36: 909 VDI | AC36: 100.112.10.35 | AD36: =_xlfn.XLOOKUP(AC36,Sheet1!B:B,Sheet1!A:A) -> #N/A | AE36: 670 New_APP | AF36: 100.112.12.35 | AG36: =_xlfn.XLOOKUP(AF36,Sheet1!B:B,Sheet1!A:A) -> #N/A | AI36: 100.112.26.35 | AJ36: =_xlfn.XLOOKUP(AI36,Sheet1!B:B,Sheet1!A:A) -> #N/A | AL36: 100.112.27.35 | AM36: =_xlfn.XLOOKUP(AL36,Sheet1!B:B,Sheet1!A:A) -> #N/A | AN36: 917 DSD | AO36: 100.112.28.35 | AP36: =_xlfn.XLOOKUP(AO36,Sheet1!B:B,Sheet1!A:A) -> #N/A
B37: 100.112.0.36 | C37: =_xlfn.XLOOKUP(B37,Sheet1!B:B,Sheet1!A:A) -> #N/A | E37: 100.112.1.36 | F37: =_xlfn.XLOOKUP(E37,Sheet1!B:B,Sheet1!A:A) -> BLRSBMADS1 | H37: 100.112.2.36 | I37: =_xlfn.XLOOKUP(H37,Sheet1!B:B,Sheet1!A:A) -> #N/A | J37: NAT_SUB 916 | K37: 100.112.3.36 | L37: =_xlfn.XLOOKUP(K37,Sheet1!B:B,Sheet1!A:A) -> #N/A | M37: 866 UAT-WEBJAP | N37: 100.112.4.36 | O37: =_xlfn.XLOOKUP(N37,Sheet1!B:B,Sheet1!A:A) -> #N/A | P37: 865 UAT-WEB-I | Q37: 100.112.5.36 | R37: =_xlfn.XLOOKUP(Q37,Sheet1!B:B,Sheet1!A:A) -> #N/A | S37: 872 AD_Prod | T37: 100.112.6.36 | U37: =_xlfn.XLOOKUP(T37,Sheet1!B:B,Sheet1!A:A) -> BLRSBMADS | V37: 912 UAT_APP2 | W37: 100.112.7.36 | X37: =_xlfn.XLOOKUP(W37,Sheet1!B:B,Sheet1!A:A) -> #N/A | Y37: 908 VDI-DB | Z37: 100.112.9.36 | AA37: =_xlfn.XLOOKUP(Z37,Sheet1!B:B,Sheet1!A:A) -> #N/A | AB37: 909 VDI | AC37: 100.112.10.36 | AD37: =_xlfn.XLOOKUP(AC37,Sheet1!B:B,Sheet1!A:A) -> #N/A | AE37: 670 New_APP | AF37: 100.112.12.36 | AG37: =_xlfn.XLOOKUP(AF37,Sheet1!B:B,Sheet1!A:A) -> #N/A | AI37: 100.112.26.36 | AJ37: =_xlfn.XLOOKUP(AI37,Sheet1!B:B,Sheet1!A:A) -> #N/A | AL37: 100.112.27.36 | AM37: =_xlfn.XLOOKUP(AL37,Sheet1!B:B,Sheet1!A:A) -> #N/A | AN37: 917 DSD | AO37: 100.112.28.36 | AP37: =_xlfn.XLOOKUP(AO37,Sheet1!B:B,Sheet1!A:A) -> #N/A
B38: 100.112.0.37 | C38: =_xlfn.XLOOKUP(B38,Sheet1!B:B,Sheet1!A:A) -> #N/A | E38: 100.112.1.37 | F38: =_xlfn.XLOOKUP(E38,Sheet1!B:B,Sheet1!A:A) -> BLRSBMCCILSDP01 | H38: 100.112.2.37 | I38: =_xlfn.XLOOKUP(H38,Sheet1!B:B,Sheet1!A:A) -> #N/A | J38: NAT_SUB 916 | K38: 100.112.3.37 | L38: =_xlfn.XLOOKUP(K38,Sheet1!B:B,Sheet1!A:A) -> #N/A | M38: 866 UAT-WEBJAP | N38: 100.112.4.37 | O38: =_xlfn.XLOOKUP(N38,Sheet1!B:B,Sheet1!A:A) -> #N/A | P38: 865 UAT-WEB-I | Q38: 100.112.5.37 | R38: =_xlfn.XLOOKUP(Q38,Sheet1!B:B,Sheet1!A:A) -> #N/A | S38: 872 AD_Prod | T38: 100.112.6.37 | U38: =_xlfn.XLOOKUP(T38,Sheet1!B:B,Sheet1!A:A) -> UAT_100.112.6.37 | V38: 912 UAT_APP2 | W38: 100.112.7.37 | X38: =_xlfn.XLOOKUP(W38,Sheet1!B:B,Sheet1!A:A) -> #N/A | Y38: 908 VDI-DB | Z38: 100.112.9.37 | AA38: =_xlfn.XLOOKUP(Z38,Sheet1!B:B,Sheet1!A:A) -> #N/A | AB38: 909 VDI | AC38: 100.112.10.37 | AD38: =_xlfn.XLOOKUP(AC38,Sheet1!B:B,Sheet1!A:A) -> #N/A | AE38: 670 New_APP | AF38: 100.112.12.37 | AG38: =_xlfn.XLOOKUP(AF38,Sheet1!B:B,Sheet1!A:A) -> #N/A | AI38: 100.112.26.37 | AJ38: =_xlfn.XLOOKUP(AI38,Sheet1!B:B,Sheet1!A:A) -> #N/A | AL38: 100.112.27.37 | AM38: =_xlfn.XLOOKUP(AL38,Sheet1!B:B,Sheet1!A:A) -> #N/A | AN38: 917 DSD | AO38: 100.112.28.37 | AP38: =_xlfn.XLOOKUP(AO38,Sheet1!B:B,Sheet1!A:A) -> #N/A
B39: 100.112.0.38 | C39: =_xlfn.XLOOKUP(B39,Sheet1!B:B,Sheet1!A:A) -> #N/A | E39: 100.112.1.38 | F39: =_xlfn.XLOOKUP(E39,Sheet1!B:B,Sheet1!A:A) -> BLRSBMARST01 | H39: 100.112.2.38 | I39: =_xlfn.XLOOKUP(H39,Sheet1!B:B,Sheet1!A:A) -> #N/A | J39: NAT_SUB 916 | K39: 100.112.3.38 | L39: =_xlfn.XLOOKUP(K39,Sheet1!B:B,Sheet1!A:A) -> #N/A | M39: 866 UAT-WEBJAP | N39: 100.112.4.38 | O39: =_xlfn.XLOOKUP(N39,Sheet1!B:B,Sheet1!A:A) -> #N/A | P39: 865 UAT-WEB-I | Q39: 100.112.5.38 | R39: =_xlfn.XLOOKUP(Q39,Sheet1!B:B,Sheet1!A:A) -> #N/A | S39: 872 AD_Prod | T39: 100.112.6.38 | U39: =_xlfn.XLOOKUP(T39,Sheet1!B:B,Sheet1!A:A) -> BLRSBMPROXYv | V39: 912 UAT_APP2 | W39: 100.112.7.38 | X39: =_xlfn.XLOOKUP(W39,Sheet1!B:B,Sheet1!A:A) -> #N/A | Y39: 908 VDI-DB | Z39: 100.112.9.38 | AA39: =_xlfn.XLOOKUP(Z39,Sheet1!B:B,Sheet1!A:A) -> #N/A | AB39: 909 VDI | AC39: 100.112.10.38 | AD39: =_xlfn.XLOOKUP(AC39,Sheet1!B:B,Sheet1!A:A) -> #N/A | AE39: 670 New_APP | AF39: 100.112.12.38 | AG39: =_xlfn.XLOOKUP(AF39,Sheet1!B:B,Sheet1!A:A) -> #N/A | AI39: 100.112.26.38 | AJ39: =_xlfn.XLOOKUP(AI39,Sheet1!B:B,Sheet1!A:A) -> #N/A | AL39: 100.112.27.38 | AM39: =_xlfn.XLOOKUP(AL39,Sheet1!B:B,Sheet1!A:A) -> #N/A | AN39: 917 DSD | AO39: 100.112.28.38 | AP39: =_xlfn.XLOOKUP(AO39,Sheet1!B:B,Sheet1!A:A) -> #N/A
B40: 100.112.0.39 | C40: =_xlfn.XLOOKUP(B40,Sheet1!B:B,Sheet1!A:A) -> #N/A | E40: 100.112.1.39 | F40: =_xlfn.XLOOKUP(E40,Sheet1!B:B,Sheet1!A:A) -> BLRSBMSOCLG | H40: 100.112.2.39 | I40: =_xlfn.XLOOKUP(H40,Sheet1!B:B,Sheet1!A:A) -> #N/A | J40: NAT_SUB 916 | K40: 100.112.3.39 | L40: =_xlfn.XLOOKUP(K40,Sheet1!B:B,Sheet1!A:A) -> #N/A | M40: 866 UAT-WEBJAP | N40: 100.112.4.39 | O40: =_xlfn.XLOOKUP(N40,Sheet1!B:B,Sheet1!A:A) -> #N/A | P40: 865 UAT-WEB-I | Q40: 100.112.5.39 | R40: =_xlfn.XLOOKUP(Q40,Sheet1!B:B,Sheet1!A:A) -> #N/A | S40: 872 AD_Prod | T40: 100.112.6.39 | U40: =_xlfn.XLOOKUP(T40,Sheet1!B:B,Sheet1!A:A) -> #N/A | V40: 912 UAT_APP2 | W40: 100.112.7.39 | X40: =_xlfn.XLOOKUP(W40,Sheet1!B:B,Sheet1!A:A) -> #N/A | Y40: 908 VDI-DB | Z40: 100.112.9.39 | AA40: =_xlfn.XLOOKUP(Z40,Sheet1!B:B,Sheet1!A:A) -> #N/A | AB40: 909 VDI | AC40: 100.112.10.39 | AD40: =_xlfn.XLOOKUP(AC40,Sheet1!B:B,Sheet1!A:A) -> #N/A | AE40: 670 New_APP | AF40: 100.112.12.39 | AG40: =_xlfn.XLOOKUP(AF40,Sheet1!B:B,Sheet1!A:A) -> #N/A | AI40: 100.112.26.39 | AJ40: =_xlfn.XLOOKUP(AI40,Sheet1!B:B,Sheet1!A:A) -> #N/A | AL40: 100.112.27.39 | AM40: =_xlfn.XLOOKUP(AL40,Sheet1!B:B,Sheet1!A:A) -> #N/A | AN40: 917 DSD | AO40: 100.112.28.39 | AP40: =_xlfn.XLOOKUP(AO40,Sheet1!B:B,Sheet1!A:A) -> #N/A
B41: 100.112.0.40 | C41: =_xlfn.XLOOKUP(B41,Sheet1!B:B,Sheet1!A:A) -> #N/A | E41: 100.112.1.40 | F41: =_xlfn.XLOOKUP(E41,Sheet1!B:B,Sheet1!A:A) -> BLRSBMRFMSAPP1a | H41: 100.112.2.40 | I41: =_xlfn.XLOOKUP(H41,Sheet1!B:B,Sheet1!A:A) -> #N/A | J41: NAT_SUB 916 | K41: 100.112.3.40 | L41: =_xlfn.XLOOKUP(K41,Sheet1!B:B,Sheet1!A:A) -> #N/A | M41: 866 UAT-WEBJAP | N41: 100.112.4.40 | O41: =_xlfn.XLOOKUP(N41,Sheet1!B:B,Sheet1!A:A) -> #N/A | P41: 865 UAT-WEB-I | Q41: 100.112.5.40 | R41: =_xlfn.XLOOKUP(Q41,Sheet1!B:B,Sheet1!A:A) -> SuiteCRM_WEB_VIP | S41: 872 AD_Prod | T41: 100.112.6.40 | U41: =_xlfn.XLOOKUP(T41,Sheet1!B:B,Sheet1!A:A) -> LB Clustering self IP(floating) | V41: 912 UAT_APP2 | W41: 100.112.7.40 | X41: =_xlfn.XLOOKUP(W41,Sheet1!B:B,Sheet1!A:A) -> #N/A | Y41: 908 VDI-DB | Z41: 100.112.9.40 | AA41: =_xlfn.XLOOKUP(Z41,Sheet1!B:B,Sheet1!A:A) -> #N/A | AB41: 909 VDI | AC41: 100.112.10.40 | AD41: =_xlfn.XLOOKUP(AC41,Sheet1!B:B,Sheet1!A:A) -> #N/A | AE41: 670 New_APP | AF41: 100.112.12.40 | AG41: =_xlfn.XLOOKUP(AF41,Sheet1!B:B,Sheet1!A:A) -> #N/A | AI41: 100.112.26.40 | AJ41: =_xlfn.XLOOKUP(AI41,Sheet1!B:B,Sheet1!A:A) -> #N/A | AL41: 100.112.27.40 | AM41: =_xlfn.XLOOKUP(AL41,Sheet1!B:B,Sheet1!A:A) -> #N/A | AN41: 917 DSD | AO41: 100.112.28.40 | AP41: =_xlfn.XLOOKUP(AO41,Sheet1!B:B,Sheet1!A:A) -> #N/A
B42: 100.112.0.41 | C42: =_xlfn.XLOOKUP(B42,Sheet1!B:B,Sheet1!A:A) -> #N/A | E42: 100.112.1.41 | F42: =_xlfn.XLOOKUP(E42,Sheet1!B:B,Sheet1!A:A) -> BLRSBMRFMSAPP1b | H42: 100.112.2.41 | I42: =_xlfn.XLOOKUP(H42,Sheet1!B:B,Sheet1!A:A) -> #N/A | J42: NAT_SUB 916 | K42: 100.112.3.41 | L42: =_xlfn.XLOOKUP(K42,Sheet1!B:B,Sheet1!A:A) -> #N/A | M42: 866 UAT-WEBJAP | N42: 100.112.4.41 | O42: =_xlfn.XLOOKUP(N42,Sheet1!B:B,Sheet1!A:A) -> #N/A | P42: 865 UAT-WEB-I | Q42: 100.112.5.41 | R42: =_xlfn.XLOOKUP(Q42,Sheet1!B:B,Sheet1!A:A) -> NACHUAT_443_DR | S42: 872 AD_Prod | T42: 100.112.6.41 | U42: =_xlfn.XLOOKUP(T42,Sheet1!B:B,Sheet1!A:A) -> BNG-SBM-PRO-SW01 | V42: 912 UAT_APP2 | W42: 100.112.7.41 | X42: =_xlfn.XLOOKUP(W42,Sheet1!B:B,Sheet1!A:A) -> #N/A | Y42: 908 VDI-DB | Z42: 100.112.9.41 | AA42: =_xlfn.XLOOKUP(Z42,Sheet1!B:B,Sheet1!A:A) -> #N/A | AB42: 909 VDI | AC42: 100.112.10.41 | AD42: =_xlfn.XLOOKUP(AC42,Sheet1!B:B,Sheet1!A:A) -> #N/A | AE42: 670 New_APP | AF42: 100.112.12.41 | AG42: =_xlfn.XLOOKUP(AF42,Sheet1!B:B,Sheet1!A:A) -> #N/A | AI42: 100.112.26.41 | AJ42: =_xlfn.XLOOKUP(AI42,Sheet1!B:B,Sheet1!A:A) -> #N/A | AL42: 100.112.27.41 | AM42: =_xlfn.XLOOKUP(AL42,Sheet1!B:B,Sheet1!A:A) -> #N/A | AN42: 917 DSD | AO42: 100.112.28.41 | AP42: =_xlfn.XLOOKUP(AO42,Sheet1!B:B,Sheet1!A:A) -> #N/A
B43: 100.112.0.42 | C43: =_xlfn.XLOOKUP(B43,Sheet1!B:B,Sheet1!A:A) -> #N/A | E43: 100.112.1.42 | F43: =_xlfn.XLOOKUP(E43,Sheet1!B:B,Sheet1!A:A) -> BLRSBMRFMSAPP2a | H43: 100.112.2.42 | I43: =_xlfn.XLOOKUP(H43,Sheet1!B:B,Sheet1!A:A) -> #N/A | J43: NAT_SUB 916 | K43: 100.112.3.42 | L43: =_xlfn.XLOOKUP(K43,Sheet1!B:B,Sheet1!A:A) -> #N/A | M43: 866 UAT-WEBJAP | N43: 100.112.4.42 | O43: =_xlfn.XLOOKUP(N43,Sheet1!B:B,Sheet1!A:A) -> #N/A | P43: 865 UAT-WEB-I | Q43: 100.112.5.42 | R43: =_xlfn.XLOOKUP(Q43,Sheet1!B:B,Sheet1!A:A) -> Prayojan_WEB_UAT_VS | S43: 872 AD_Prod | T43: 100.112.6.42 | U43: =_xlfn.XLOOKUP(T43,Sheet1!B:B,Sheet1!A:A) -> BLRSBMPROSW02 | V43: 912 UAT_APP2 | W43: 100.112.7.42 | X43: =_xlfn.XLOOKUP(W43,Sheet1!B:B,Sheet1!A:A) -> #N/A | Y43: 908 VDI-DB | Z43: 100.112.9.42 | AA43: =_xlfn.XLOOKUP(Z43,Sheet1!B:B,Sheet1!A:A) -> #N/A | AB43: 909 VDI | AC43: 100.112.10.42 | AD43: =_xlfn.XLOOKUP(AC43,Sheet1!B:B,Sheet1!A:A) -> #N/A | AE43: 670 New_APP | AF43: 100.112.12.42 | AG43: =_xlfn.XLOOKUP(AF43,Sheet1!B:B,Sheet1!A:A) -> #N/A | AI43: 100.112.26.42 | AJ43: =_xlfn.XLOOKUP(AI43,Sheet1!B:B,Sheet1!A:A) -> #N/A | AL43: 100.112.27.42 | AM43: =_xlfn.XLOOKUP(AL43,Sheet1!B:B,Sheet1!A:A) -> #N/A | AN43: 917 DSD | AO43: 100.112.28.42 | AP43: =_xlfn.XLOOKUP(AO43,Sheet1!B:B,Sheet1!A:A) -> #N/A
B44: 100.112.0.43 | C44: =_xlfn.XLOOKUP(B44,Sheet1!B:B,Sheet1!A:A) -> #N/A | E44: 100.112.1.43 | F44: =_xlfn.XLOOKUP(E44,Sheet1!B:B,Sheet1!A:A) -> BLRSBMRFMSAPP2b | H44: 100.112.2.43 | I44: =_xlfn.XLOOKUP(H44,Sheet1!B:B,Sheet1!A:A) -> #N/A | J44: NAT_SUB 916 | K44: 100.112.3.43 | L44: =_xlfn.XLOOKUP(K44,Sheet1!B:B,Sheet1!A:A) -> #N/A | M44: 866 UAT-WEBJAP | N44: 100.112.4.43 | O44: =_xlfn.XLOOKUP(N44,Sheet1!B:B,Sheet1!A:A) -> #N/A | P44: 865 UAT-WEB-I | Q44: 100.112.5.43 | R44: =_xlfn.XLOOKUP(Q44,Sheet1!B:B,Sheet1!A:A) -> #N/A | S44: 872 AD_Prod | T44: 100.112.6.43 | U44: =_xlfn.XLOOKUP(T44,Sheet1!B:B,Sheet1!A:A) -> BLRSBMCC01 | V44: 912 UAT_APP2 | W44: 100.112.7.43 | X44: =_xlfn.XLOOKUP(W44,Sheet1!B:B,Sheet1!A:A) -> #N/A | Y44: 908 VDI-DB | Z44: 100.112.9.43 | AA44: =_xlfn.XLOOKUP(Z44,Sheet1!B:B,Sheet1!A:A) -> #N/A | AB44: 909 VDI | AC44: 100.112.10.43 | AD44: =_xlfn.XLOOKUP(AC44,Sheet1!B:B,Sheet1!A:A) -> #N/A | AE44: 670 New_APP | AF44: 100.112.12.43 | AG44: =_xlfn.XLOOKUP(AF44,Sheet1!B:B,Sheet1!A:A) -> #N/A | AI44: 100.112.26.43 | AJ44: =_xlfn.XLOOKUP(AI44,Sheet1!B:B,Sheet1!A:A) -> #N/A | AL44: 100.112.27.43 | AM44: =_xlfn.XLOOKUP(AL44,Sheet1!B:B,Sheet1!A:A) -> #N/A | AN44: 917 DSD | AO44: 100.112.28.43 | AP44: =_xlfn.XLOOKUP(AO44,Sheet1!B:B,Sheet1!A:A) -> #N/A
B45: 100.112.0.44 | C45: =_xlfn.XLOOKUP(B45,Sheet1!B:B,Sheet1!A:A) -> #N/A | E45: 100.112.1.44 | F45: =_xlfn.XLOOKUP(E45,Sheet1!B:B,Sheet1!A:A) -> BLRSBMRFMSAPP3a | H45: 100.112.2.44 | I45: =_xlfn.XLOOKUP(H45,Sheet1!B:B,Sheet1!A:A) -> #N/A | J45: NAT_SUB 916 | K45: 100.112.3.44 | L45: =_xlfn.XLOOKUP(K45,Sheet1!B:B,Sheet1!A:A) -> #N/A | M45: 866 UAT-WEBJAP | N45: 100.112.4.44 | O45: =_xlfn.XLOOKUP(N45,Sheet1!B:B,Sheet1!A:A) -> #N/A | P45: 865 UAT-WEB-I | Q45: 100.112.5.44 | R45: =_xlfn.XLOOKUP(Q45,Sheet1!B:B,Sheet1!A:A) -> #N/A | S45: 872 AD_Prod | T45: 100.112.6.44 | U45: =_xlfn.XLOOKUP(T45,Sheet1!B:B,Sheet1!A:A) -> BLRSBMOVS02 | V45: 912 UAT_APP2 | W45: 100.112.7.44 | X45: =_xlfn.XLOOKUP(W45,Sheet1!B:B,Sheet1!A:A) -> #N/A | Y45: 908 VDI-DB | Z45: 100.112.9.44 | AA45: =_xlfn.XLOOKUP(Z45,Sheet1!B:B,Sheet1!A:A) -> #N/A | AB45: 909 VDI | AC45: 100.112.10.44 | AD45: =_xlfn.XLOOKUP(AC45,Sheet1!B:B,Sheet1!A:A) -> #N/A | AE45: 670 New_APP | AF45: 100.112.12.44 | AG45: =_xlfn.XLOOKUP(AF45,Sheet1!B:B,Sheet1!A:A) -> #N/A | AI45: 100.112.26.44 | AJ45: =_xlfn.XLOOKUP(AI45,Sheet1!B:B,Sheet1!A:A) -> #N/A | AL45: 100.112.27.44 | AM45: =_xlfn.XLOOKUP(AL45,Sheet1!B:B,Sheet1!A:A) -> #N/A | AN45: 917 DSD | AO45: 100.112.28.44 | AP45: =_xlfn.XLOOKUP(AO45,Sheet1!B:B,Sheet1!A:A) -> #N/A
... B48: 100.112.0.47 | C48: =_xlfn.XLOOKUP(B48,Sheet1!B:B,Sheet1!A:A) -> #N/A | E48: 100.112.1.47 | F48: =_xlfn.XLOOKUP(E48,Sheet1!B:B,Sheet1!A:A) -> BLRSBMMDMCC01 | H48: 100.112.2.47 | I48: =_xlfn.XLOOKUP(H48,Sheet1!B:B,Sheet1!A:A) -> #N/A | J48: NAT_SUB 916 | K48: 100.112.3.47 | L48: =_xlfn.XLOOKUP(K48,Sheet1!B:B,Sheet1!A:A) -> #N/A | M48: 866 UAT-WEBJAP | N48: 100.112.4.47 | O48: =_xlfn.XLOOKUP(N48,Sheet1!B:B,Sheet1!A:A) -> #N/A | P48: 865 UAT-WEB-I | Q48: 100.112.5.47 | R48: =_xlfn.XLOOKUP(Q48,Sheet1!B:B,Sheet1!A:A) -> #N/A | S48: 872 AD_Prod | T48: 100.112.6.47 | U48: =_xlfn.XLOOKUP(T48,Sheet1!B:B,Sheet1!A:A) -> BLRSBMUATCCM01 | V48: 912 UAT_APP2 | W48: 100.112.7.47 | X48: =_xlfn.XLOOKUP(W48,Sheet1!B:B,Sheet1!A:A) -> #N/A | Y48: 908 VDI-DB | Z48: 100.112.9.47 | AA48: =_xlfn.XLOOKUP(Z48,Sheet1!B:B,Sheet1!A:A) -> #N/A | AB48: 909 VDI | AC48: 100.112.10.47 | AD48: =_xlfn.XLOOKUP(AC48,Sheet1!B:B,Sheet1!A:A) -> #N/A | AE48: 670 New_APP | AF48: 100.112.12.47 | AG48: =_xlfn.XLOOKUP(AF48,Sheet1!B:B,Sheet1!A:A) -> #N/A | AI48: 100.112.26.47 | AJ48: =_xlfn.XLOOKUP(AI48,Sheet1!B:B,Sheet1!A:A) -> #N/A | AL48: 100.112.27.47 | AM48: =_xlfn.XLOOKUP(AL48,Sheet1!B:B,Sheet1!A:A) -> #N/A | AN48: 917 DSD | AO48: 100.112.28.47 | AP48: =_xlfn.XLOOKUP(AO48,Sheet1!B:B,Sheet1!A:A) -> #N/A
B49: 100.112.0.48 | C49: =_xlfn.XLOOKUP(B49,Sheet1!B:B,Sheet1!A:A) -> #N/A | E49: 100.112.1.48 | F49: =_xlfn.XLOOKUP(E49,Sheet1!B:B,Sheet1!A:A) -> BLRSBMWSACC01 | H49: 100.112.2.48 | I49: =_xlfn.XLOOKUP(H49,Sheet1!B:B,Sheet1!A:A) -> #N/A | J49: NAT_SUB 916 | K49: 100.112.3.48 | L49: =_xlfn.XLOOKUP(K49,Sheet1!B:B,Sheet1!A:A) -> #N/A | M49: 866 UAT-WEBJAP | N49: 100.112.4.48 | O49: =_xlfn.XLOOKUP(N49,Sheet1!B:B,Sheet1!A:A) -> #N/A | P49: 865 UAT-WEB-I | Q49: 100.112.5.48 | R49: =_xlfn.XLOOKUP(Q49,Sheet1!B:B,Sheet1!A:A) -> BLRSBMUATFINWEB | S49: 872 AD_Prod | T49: 100.112.6.48 | U49: BLRSBMNBAD | V49: 912 UAT_APP2 | W49: 100.112.7.48 | X49: =_xlfn.XLOOKUP(W49,Sheet1!B:B,Sheet1!A:A) -> #N/A | Z49: 100.112.9.48 | AA49: =_xlfn.XLOOKUP(Z49,Sheet1!B:B,Sheet1!A:A) -> #N/A | AB49: 909 VDI | AC49: 100.112.10.48 | AD49: =_xlfn.XLOOKUP(AC49,Sheet1!B:B,Sheet1!A:A) -> #N/A | AE49: 670 New_APP | AF49: 100.112.12.48 | AG49: =_xlfn.XLOOKUP(AF49,Sheet1!B:B,Sheet1!A:A) -> #N/A | AI49: 100.112.26.48 | AJ49: =_xlfn.XLOOKUP(AI49,Sheet1!B:B,Sheet1!A:A) -> #N/A | AL49: 100.112.27.48 | AM49: =_xlfn.XLOOKUP(AL49,Sheet1!B:B,Sheet1!A:A) -> #N/A | AN49: 917 DSD | AO49: 100.112.28.48 | AP49: =_xlfn.XLOOKUP(AO49,Sheet1!B:B,Sheet1!A:A) -> #N/A
B50: 100.112.0.49 | C50: =_xlfn.XLOOKUP(B50,Sheet1!B:B,Sheet1!A:A) -> #N/A | E50: 100.112.1.49 | F50: =_xlfn.XLOOKUP(E50,Sheet1!B:B,Sheet1!A:A) -> BLRSBMAZAD01 | H50: 100.112.2.49 | I50: =_xlfn.XLOOKUP(H50,Sheet1!B:B,Sheet1!A:A) -> #N/A | J50: NAT_SUB 916 | K50: 100.112.3.49 | L50: =_xlfn.XLOOKUP(K50,Sheet1!B:B,Sheet1!A:A) -> #N/A | M50: 866 UAT-WEBJAP | N50: 100.112.4.49 | O50: =_xlfn.XLOOKUP(N50,Sheet1!B:B,Sheet1!A:A) -> BLRSBMUATFASAPP | P50: 865 UAT-WEB-I | Q50: 100.112.5.49 | R50: =_xlfn.XLOOKUP(Q50,Sheet1!B:B,Sheet1!A:A) -> #N/A | S50: 872 AD_Prod | T50: 100.112.6.49 | U50: =_xlfn.XLOOKUP(T50,Sheet1!B:B,Sheet1!A:A) -> BLRSBMUTSWIFT2 | V50: 912 UAT_APP2 | W50: 100.112.7.49 | X50: =_xlfn.XLOOKUP(W50,Sheet1!B:B,Sheet1!A:A) -> #N/A | Z50: 100.112.9.49 | AA50: =_xlfn.XLOOKUP(Z50,Sheet1!B:B,Sheet1!A:A) -> #N/A | AB50: 909 VDI | AC50: 100.112.10.49 | AD50: =_xlfn.XLOOKUP(AC50,Sheet1!B:B,Sheet1!A:A) -> #N/A | AE50: 670 New_APP | AF50: 100.112.12.49 | AG50: =_xlfn.XLOOKUP(AF50,Sheet1!B:B,Sheet1!A:A) -> #N/A | AI50: 100.112.26.49 | AJ50: =_xlfn.XLOOKUP(AI50,Sheet1!B:B,Sheet1!A:A) -> #N/A | AL50: 100.112.27.49 | AM50: =_xlfn.XLOOKUP(AL50,Sheet1!B:B,Sheet1!A:A) -> #N/A | AN50: 917 DSD | AO50: 100.112.28.49 | AP50: =_xlfn.XLOOKUP(AO50,Sheet1!B:B,Sheet1!A:A) -> #N/A
B51: 100.112.0.50 | C51: =_xlfn.XLOOKUP(B51,Sheet1!B:B,Sheet1!A:A) -> #N/A | E51: 100.112.1.50 | F51: =_xlfn.XLOOKUP(E51,Sheet1!B:B,Sheet1!A:A) -> BLRFIMEAPP | H51: 100.112.2.50 | I51: =_xlfn.XLOOKUP(H51,Sheet1!B:B,Sheet1!A:A) -> #N/A | J51: NAT_SUB 916 | K51: 100.112.3.50 | L51: =_xlfn.XLOOKUP(K51,Sheet1!B:B,Sheet1!A:A) -> #N/A | M51: 866 UAT-WEBJAP | N51: 100.112.4.50 | O51: =_xlfn.XLOOKUP(N51,Sheet1!B:B,Sheet1!A:A) -> #N/A | P51: 865 UAT-WEB-I | Q51: 100.112.5.50 | R51: =_xlfn.XLOOKUP(Q51,Sheet1!B:B,Sheet1!A:A) -> BLRSBMUATFINWEB_OLD | S51: 872 AD_Prod | T51: 100.112.6.50 | U51: =_xlfn.XLOOKUP(T51,Sheet1!B:B,Sheet1!A:A) -> BANSBMNACEM | V51: 912 UAT_APP2 | W51: 100.112.7.50 | X51: =_xlfn.XLOOKUP(W51,Sheet1!B:B,Sheet1!A:A) -> #N/A | Z51: 100.112.9.50 | AA51: =_xlfn.XLOOKUP(Z51,Sheet1!B:B,Sheet1!A:A) -> #N/A | AB51: 909 VDI | AC51: 100.112.10.50 | AD51: =_xlfn.XLOOKUP(AC51,Sheet1!B:B,Sheet1!A:A) -> #N/A | AE51: 670 New_APP | AF51: 100.112.12.50 | AG51: =_xlfn.XLOOKUP(AF51,Sheet1!B:B,Sheet1!A:A) -> #N/A | AI51: 100.112.26.50 | AJ51: =_xlfn.XLOOKUP(AI51,Sheet1!B:B,Sheet1!A:A) -> #N/A | AL51: 100.112.27.50 | AM51: =_xlfn.XLOOKUP(AL51,Sheet1!B:B,Sheet1!A:A) -> #N/A | AN51: 917 DSD | AO51: 100.112.28.50 | AP51: =_xlfn.XLOOKUP(AO51,Sheet1!B:B,Sheet1!A:A) -> #N/A
B52: 100.112.0.51 | C52: =_xlfn.XLOOKUP(B52,Sheet1!B:B,Sheet1!A:A) -> #N/A | E52: 100.112.1.51 | F52: =_xlfn.XLOOKUP(E52,Sheet1!B:B,Sheet1!A:A) -> BLRSBMIRISAPP1 | H52: 100.112.2.51 | I52: =_xlfn.XLOOKUP(H52,Sheet1!B:B,Sheet1!A:A) -> #N/A | J52: NAT_SUB 916 | K52: 100.112.3.51 | L52: =_xlfn.XLOOKUP(K52,Sheet1!B:B,Sheet1!A:A) -> #N/A | M52: 866 UAT-WEBJAP | N52: 100.112.4.51 | O52: =_xlfn.XLOOKUP(N52,Sheet1!B:B,Sheet1!A:A) -> IBMB_VIP | P52: 865 UAT-WEB-I | Q52: 100.112.5.51 | R52: =_xlfn.XLOOKUP(Q52,Sheet1!B:B,Sheet1!A:A) -> BLRSBMUTESBWB1 | S52: 872 AD_Prod | T52: 100.112.6.51 | U52: =_xlfn.XLOOKUP(T52,Sheet1!B:B,Sheet1!A:A) -> BANSBMNACCA3 | V52: 912 UAT_APP2 | W52: 100.112.7.51 | X52: =_xlfn.XLOOKUP(W52,Sheet1!B:B,Sheet1!A:A) -> #N/A | Z52: 100.112.9.51 | AA52: =_xlfn.XLOOKUP(Z52,Sheet1!B:B,Sheet1!A:A) -> #N/A | AB52: 909 VDI | AC52: 100.112.10.51 | AD52: =_xlfn.XLOOKUP(AC52,Sheet1!B:B,Sheet1!A:A) -> #N/A | AE52: 670 New_APP | AF52: 100.112.12.51 | AG52: =_xlfn.XLOOKUP(AF52,Sheet1!B:B,Sheet1!A:A) -> #N/A | AI52: 100.112.26.51 | AJ52: =_xlfn.XLOOKUP(AI52,Sheet1!B:B,Sheet1!A:A) -> #N/A | AL52: 100.112.27.51 | AM52: =_xlfn.XLOOKUP(AL52,Sheet1!B:B,Sheet1!A:A) -> #N/A | AN52: 917 DSD | AO52: 100.112.28.51 | AP52: =_xlfn.XLOOKUP(AO52,Sheet1!B:B,Sheet1!A:A) -> #N/A
B53: 100.112.0.52 | C53: =_xlfn.XLOOKUP(B53,Sheet1!B:B,Sheet1!A:A) -> #N/A | E53: 100.112.1.52 | F53: =_xlfn.XLOOKUP(E53,Sheet1!B:B,Sheet1!A:A) -> BLRSBMRFMSAPP2_443VS | H53: 100.112.2.52 | I53: =_xlfn.XLOOKUP(H53,Sheet1!B:B,Sheet1!A:A) -> #N/A | J53: NAT_SUB 916 | K53: 100.112.3.52 | L53: =_xlfn.XLOOKUP(K53,Sheet1!B:B,Sheet1!A:A) -> #N/A | M53: 866 UAT-WEBJAP | N53: 100.112.4.52 | O53: =_xlfn.XLOOKUP(N53,Sheet1!B:B,Sheet1!A:A) -> Axiom_UAT_VIP | P53: 865 UAT-WEB-I | Q53: 100.112.5.52 | R53: =_xlfn.XLOOKUP(Q53,Sheet1!B:B,Sheet1!A:A) -> #N/A | S53: 872 AD_Prod | T53: 100.112.6.52 | U53: =_xlfn.XLOOKUP(T53,Sheet1!B:B,Sheet1!A:A) -> BLRSBMSWIFTUAT1 | V53: 912 UAT_APP2 | W53: 100.112.7.52 | X53: =_xlfn.XLOOKUP(W53,Sheet1!B:B,Sheet1!A:A) -> #N/A | Z53: 100.112.9.52 | AA53: =_xlfn.XLOOKUP(Z53,Sheet1!B:B,Sheet1!A:A) -> #N/A | AB53: 909 VDI | AC53: 100.112.10.52 | AD53: =_xlfn.XLOOKUP(AC53,Sheet1!B:B,Sheet1!A:A) -> #N/A | AE53: 670 New_APP | AF53: 100.112.12.52 | AG53: =_xlfn.XLOOKUP(AF53,Sheet1!B:B,Sheet1!A:A) -> #N/A | AI53: 100.112.26.52 | AJ53: =_xlfn.XLOOKUP(AI53,Sheet1!B:B,Sheet1!A:A) -> #N/A | AL53: 100.112.27.52 | AM53: =_xlfn.XLOOKUP(AL53,Sheet1!B:B,Sheet1!A:A) -> #N/A | AN53: 917 DSD | AO53: 100.112.28.52 | AP53: =_xlfn.XLOOKUP(AO53,Sheet1!B:B,Sheet1!A:A) -> #N/A
B54: 100.112.0.53 | C54: =_xlfn.XLOOKUP(B54,Sheet1!B:B,Sheet1!A:A) -> #N/A | E54: 100.112.1.53 | F54: =_xlfn.XLOOKUP(E54,Sheet1!B:B,Sheet1!A:A) -> BLRSBMRFMSAPP3_VS443 | H54: 100.112.2.53 | I54: =_xlfn.XLOOKUP(H54,Sheet1!B:B,Sheet1!A:A) -> #N/A | J54: NAT_SUB 916 | K54: 100.112.3.53 | L54: =_xlfn.XLOOKUP(K54,Sheet1!B:B,Sheet1!A:A) -> #N/A | M54: 866 UAT-WEBJAP | N54: 100.112.4.53 | O54: =_xlfn.XLOOKUP(N54,Sheet1!B:B,Sheet1!A:A) -> Tradezone_NESL_VIP | P54: 865 UAT-WEB-I | Q54: 100.112.5.53 | R54: =_xlfn.XLOOKUP(Q54,Sheet1!B:B,Sheet1!A:A) -> #N/A | S54: 872 AD_Prod | T54: 100.112.6.53 | U54: =_xlfn.XLOOKUP(T54,Sheet1!B:B,Sheet1!A:A) -> BANSBMDMSWEB | V54: 912 UAT_APP2 | W54: 100.112.7.53 | X54: =_xlfn.XLOOKUP(W54,Sheet1!B:B,Sheet1!A:A) -> #N/A | Z54: 100.112.9.53 | AA54: =_xlfn.XLOOKUP(Z54,Sheet1!B:B,Sheet1!A:A) -> #N/A | AB54: 909 VDI | AC54: 100.112.10.53 | AD54: =_xlfn.XLOOKUP(AC54,Sheet1!B:B,Sheet1!A:A) -> #N/A | AE54: 670 New_APP | AF54: 100.112.12.53 | AG54: =_xlfn.XLOOKUP(AF54,Sheet1!B:B,Sheet1!A:A) -> #N/A | AI54: 100.112.26.53 | AJ54: =_xlfn.XLOOKUP(AI54,Sheet1!B:B,Sheet1!A:A) -> #N/A | AL54: 100.112.27.53 | AM54: =_xlfn.XLOOKUP(AL54,Sheet1!B:B,Sheet1!A:A) -> #N/A | AN54: 917 DSD | AO54: 100.112.28.53 | AP54: =_xlfn.XLOOKUP(AO54,Sheet1!B:B,Sheet1!A:A) -> #N/A
B55: 100.112.0.54 | C55: =_xlfn.XLOOKUP(B55,Sheet1!B:B,Sheet1!A:A) -> #N/A | E55: 100.112.1.54 | F55: =_xlfn.XLOOKUP(E55,Sheet1!B:B,Sheet1!A:A) -> BLRSBMCBFAPP01 | H55: 100.112.2.54 | I55: =_xlfn.XLOOKUP(H55,Sheet1!B:B,Sheet1!A:A) -> #N/A | J55: NAT_SUB 916 | K55: 100.112.3.54 | L55: =_xlfn.XLOOKUP(K55,Sheet1!B:B,Sheet1!A:A) -> #N/A | M55: 866 UAT-WEBJAP | N55: 100.112.4.54 | O55: =_xlfn.XLOOKUP(N55,Sheet1!B:B,Sheet1!A:A) -> #N/A | P55: 865 UAT-WEB-I | Q55: 100.112.5.54 | R55: =_xlfn.XLOOKUP(Q55,Sheet1!B:B,Sheet1!A:A) -> #N/A | S55: 872 AD_Prod | T55: 100.112.6.54 | U55: =_xlfn.XLOOKUP(T55,Sheet1!B:B,Sheet1!A:A) -> BANSBMDMSDB | V55: 912 UAT_APP2 | W55: 100.112.7.54 | X55: =_xlfn.XLOOKUP(W55,Sheet1!B:B,Sheet1!A:A) -> #N/A | Z55: 100.112.9.54 | AA55: =_xlfn.XLOOKUP(Z55,Sheet1!B:B,Sheet1!A:A) -> #N/A | AB55: 909 VDI | AC55: 100.112.10.54 | AD55: =_xlfn.XLOOKUP(AC55,Sheet1!B:B,Sheet1!A:A) -> #N/A | AE55: 670 New_APP | AF55: 100.112.12.54 | AG55: =_xlfn.XLOOKUP(AF55,Sheet1!B:B,Sheet1!A:A) -> #N/A | AI55: 100.112.26.54 | AJ55: =_xlfn.XLOOKUP(AI55,Sheet1!B:B,Sheet1!A:A) -> #N/A | AL55: 100.112.27.54 | AM55: =_xlfn.XLOOKUP(AL55,Sheet1!B:B,Sheet1!A:A) -> #N/A | AN55: 917 DSD | AO55: 100.112.28.54 | AP55: =_xlfn.XLOOKUP(AO55,Sheet1!B:B,Sheet1!A:A) -> #N/A
B56: 100.112.0.55 | C56: =_xlfn.XLOOKUP(B56,Sheet1!B:B,Sheet1!A:A) -> #N/A | E56: 100.112.1.55 | F56: =_xlfn.XLOOKUP(E56,Sheet1!B:B,Sheet1!A:A) -> BLRSBMUNFYAPP | H56: 100.112.2.55 | I56: =_xlfn.XLOOKUP(H56,Sheet1!B:B,Sheet1!A:A) -> #N/A | J56: NAT_SUB 916 | K56: 100.112.3.55 | L56: =_xlfn.XLOOKUP(K56,Sheet1!B:B,Sheet1!A:A) -> #N/A | M56: 866 UAT-WEBJAP | N56: 100.112.4.55 | O56: =_xlfn.XLOOKUP(N56,Sheet1!B:B,Sheet1!A:A) -> #N/A | P56: 865 UAT-WEB-I | Q56: 100.112.5.55 | R56: =_xlfn.XLOOKUP(Q56,Sheet1!B:B,Sheet1!A:A) -> #N/A | S56: 872 AD_Prod | T56: 100.112.6.55 | U56: =_xlfn.XLOOKUP(T56,Sheet1!B:B,Sheet1!A:A) -> BANSBMNESLKYC | V56: 912 UAT_APP2 | W56: 100.112.7.55 | X56: =_xlfn.XLOOKUP(W56,Sheet1!B:B,Sheet1!A:A) -> #N/A | Z56: 100.112.9.55 | AA56: =_xlfn.XLOOKUP(Z56,Sheet1!B:B,Sheet1!A:A) -> #N/A | AB56: 909 VDI | AC56: 100.112.10.55 | AD56: =_xlfn.XLOOKUP(AC56,Sheet1!B:B,Sheet1!A:A) -> #N/A | AE56: 670 New_APP | AF56: 100.112.12.55 | AG56: =_xlfn.XLOOKUP(AF56,Sheet1!B:B,Sheet1!A:A) -> #N/A | AI56: 100.112.26.55 | AJ56: =_xlfn.XLOOKUP(AI56,Sheet1!B:B,Sheet1!A:A) -> #N/A | AL56: 100.112.27.55 | AM56: =_xlfn.XLOOKUP(AL56,Sheet1!B:B,Sheet1!A:A) -> #N/A | AN56: 917 DSD | AO56: 100.112.28.55 | AP56: =_xlfn.XLOOKUP(AO56,Sheet1!B:B,Sheet1!A:A) -> #N/A
B57: 100.112.0.56 | C57: =_xlfn.XLOOKUP(B57,Sheet1!B:B,Sheet1!A:A) -> #N/A | E57: 100.112.1.56 | F57: =_xlfn.XLOOKUP(E57,Sheet1!B:B,Sheet1!A:A) -> BLRSBMCLFMAP1 | H57: 100.112.2.56 | I57: =_xlfn.XLOOKUP(H57,Sheet1!B:B,Sheet1!A:A) -> #N/A | J57: NAT_SUB 916 | K57: 100.112.3.56 | L57: =_xlfn.XLOOKUP(K57,Sheet1!B:B,Sheet1!A:A) -> #N/A | M57: 866 UAT-WEBJAP | N57: 100.112.4.56 | O57: =_xlfn.XLOOKUP(N57,Sheet1!B:B,Sheet1!A:A) -> UATVideoKYC_LB | P57: 865 UAT-WEB-I | Q57: 100.112.5.56 | R57: =_xlfn.XLOOKUP(Q57,Sheet1!B:B,Sheet1!A:A) -> #N/A | S57: 872 AD_Prod | T57: 100.112.6.56 | U57: =_xlfn.XLOOKUP(T57,Sheet1!B:B,Sheet1!A:A) -> BANSBMNESLVCIP | V57: 912 UAT_APP2 | W57: 100.112.7.56 | X57: =_xlfn.XLOOKUP(W57,Sheet1!B:B,Sheet1!A:A) -> #N/A | Z57: 100.112.9.56 | AA57: =_xlfn.XLOOKUP(Z57,Sheet1!B:B,Sheet1!A:A) -> #N/A | AB57: 909 VDI | AC57: 100.112.10.56 | AD57: =_xlfn.XLOOKUP(AC57,Sheet1!B:B,Sheet1!A:A) -> #N/A | AE57: 670 New_APP | AF57: 100.112.12.56 | AG57: =_xlfn.XLOOKUP(AF57,Sheet1!B:B,Sheet1!A:A) -> #N/A | AI57: 100.112.26.56 | AJ57: =_xlfn.XLOOKUP(AI57,Sheet1!B:B,Sheet1!A:A) -> #N/A | AL57: 100.112.27.56 | AM57: =_xlfn.XLOOKUP(AL57,Sheet1!B:B,Sheet1!A:A) -> #N/A | AN57: 917 DSD | AO57: 100.112.28.56 | AP57: =_xlfn.XLOOKUP(AO57,Sheet1!B:B,Sheet1!A:A) -> #N/A
B58: 100.112.0.57 | C58: =_xlfn.XLOOKUP(B58,Sheet1!B:B,Sheet1!A:A) -> #N/A | E58: 100.112.1.57 | F58: =_xlfn.XLOOKUP(E58,Sheet1!B:B,Sheet1!A:A) -> BLRSBMCLFMAP2 | H58: 100.112.2.57 | I58: =_xlfn.XLOOKUP(H58,Sheet1!B:B,Sheet1!A:A) -> #N/A | J58: NAT_SUB 916 | K58: 100.112.3.57 | L58: =_xlfn.XLOOKUP(K58,Sheet1!B:B,Sheet1!A:A) -> #N/A | M58: 866 UAT-WEBJAP | N58: 100.112.4.57 | O58: =_xlfn.XLOOKUP(N58,Sheet1!B:B,Sheet1!A:A) -> LB Clustering self IP(active) | P58: 865 UAT-WEB-I | Q58: 100.112.5.57 | R58: =_xlfn.XLOOKUP(Q58,Sheet1!B:B,Sheet1!A:A) -> #N/A | S58: 872 AD_Prod | T58: 100.112.6.57 | U58: =_xlfn.XLOOKUP(T58,Sheet1!B:B,Sheet1!A:A) -> BANSBMNESLKYC-NEW | V58: 912 UAT_APP2 | W58: 100.112.7.57 | X58: =_xlfn.XLOOKUP(W58,Sheet1!B:B,Sheet1!A:A) -> #N/A | Z58: 100.112.9.57 | AA58: =_xlfn.XLOOKUP(Z58,Sheet1!B:B,Sheet1!A:A) -> #N/A | AB58: 909 VDI | AC58: 100.112.10.57 | AD58: =_xlfn.XLOOKUP(AC58,Sheet1!B:B,Sheet1!A:A) -> #N/A | AE58: 670 New_APP | AF58: 100.112.12.57 | AG58: =_xlfn.XLOOKUP(AF58,Sheet1!B:B,Sheet1!A:A) -> #N/A | AI58: 100.112.26.57 | AJ58: =_xlfn.XLOOKUP(AI58,Sheet1!B:B,Sheet1!A:A) -> #N/A | AL58: 100.112.27.57 | AM58: =_xlfn.XLOOKUP(AL58,Sheet1!B:B,Sheet1!A:A) -> #N/A | AN58: 917 DSD | AO58: 100.112.28.57 | AP58: =_xlfn.XLOOKUP(AO58,Sheet1!B:B,Sheet1!A:A) -> #N/A
B59: 100.112.0.58 | C59: =_xlfn.XLOOKUP(B59,Sheet1!B:B,Sheet1!A:A) -> #N/A | E59: 100.112.1.58 | F59: =_xlfn.XLOOKUP(E59,Sheet1!B:B,Sheet1!A:A) -> BLRSBMCLFPAP1 | H59: 100.112.2.58 | I59: =_xlfn.XLOOKUP(H59,Sheet1!B:B,Sheet1!A:A) -> #N/A | J59: NAT_SUB 916 | K59: 100.112.3.58 | L59: =_xlfn.XLOOKUP(K59,Sheet1!B:B,Sheet1!A:A) -> #N/A | M59: 866 UAT-WEBJAP | N59: 100.112.4.58 | O59: =_xlfn.XLOOKUP(N59,Sheet1!B:B,Sheet1!A:A) -> LB Clustering self IP(standby) | P59: 865 UAT-WEB-I | Q59: 100.112.5.58 | R59: =_xlfn.XLOOKUP(Q59,Sheet1!B:B,Sheet1!A:A) -> LB Clustering self IP(standby) | S59: 872 AD_Prod | T59: 100.112.6.58 | U59: =_xlfn.XLOOKUP(T59,Sheet1!B:B,Sheet1!A:A) -> BLRSBMUATAPIAP01_VS443 | V59: 912 UAT_APP2 | W59: 100.112.7.58 | X59: =_xlfn.XLOOKUP(W59,Sheet1!B:B,Sheet1!A:A) -> #N/A | Z59: 100.112.9.58 | AA59: =_xlfn.XLOOKUP(Z59,Sheet1!B:B,Sheet1!A:A) -> #N/A | AB59: 909 VDI | AC59: 100.112.10.58 | AD59: =_xlfn.XLOOKUP(AC59,Sheet1!B:B,Sheet1!A:A) -> #N/A | AE59: 670 New_APP | AF59: 100.112.12.58 | AG59: =_xlfn.XLOOKUP(AF59,Sheet1!B:B,Sheet1!A:A) -> #N/A | AI59: 100.112.26.58 | AJ59: =_xlfn.XLOOKUP(AI59,Sheet1!B:B,Sheet1!A:A) -> #N/A | AL59: 100.112.27.58 | AM59: =_xlfn.XLOOKUP(AL59,Sheet1!B:B,Sheet1!A:A) -> #N/A | AN59: 917 DSD | AO59: 100.112.28.58 | AP59: =_xlfn.XLOOKUP(AO59,Sheet1!B:B,Sheet1!A:A) -> #N/A
B60: 100.112.0.59 | C60: =_xlfn.XLOOKUP(B60,Sheet1!B:B,Sheet1!A:A) -> #N/A | E60: 100.112.1.59 | F60: =_xlfn.XLOOKUP(E60,Sheet1!B:B,Sheet1!A:A) -> BLRSBMCLFPAP2 | H60: 100.112.2.59 | I60: =_xlfn.XLOOKUP(H60,Sheet1!B:B,Sheet1!A:A) -> #N/A | J60: NAT_SUB 916 | K60: 100.112.3.59 | L60: =_xlfn.XLOOKUP(K60,Sheet1!B:B,Sheet1!A:A) -> #N/A | M60: 866 UAT-WEBJAP | N60: 100.112.4.59 | O60: =_xlfn.XLOOKUP(N60,Sheet1!B:B,Sheet1!A:A) -> LB Clustering self IP(floating) | P60: 865 UAT-WEB-I | Q60: 100.112.5.59 | R60: =_xlfn.XLOOKUP(Q60,Sheet1!B:B,Sheet1!A:A) -> LB Clustering self IP(floating) | S60: 872 AD_Prod | T60: 100.112.6.59 | U60: =_xlfn.XLOOKUP(T60,Sheet1!B:B,Sheet1!A:A) -> BANSBMESBUATDB | V60: 912 UAT_APP2 | W60: 100.112.7.59 | X60: =_xlfn.XLOOKUP(W60,Sheet1!B:B,Sheet1!A:A) -> #N/A | Z60: 100.112.9.59 | AA60: =_xlfn.XLOOKUP(Z60,Sheet1!B:B,Sheet1!A:A) -> #N/A | AB60: 909 VDI | AC60: 100.112.10.59 | AD60: =_xlfn.XLOOKUP(AC60,Sheet1!B:B,Sheet1!A:A) -> #N/A | AE60: 670 New_APP | AF60: 100.112.12.59 | AG60: =_xlfn.XLOOKUP(AF60,Sheet1!B:B,Sheet1!A:A) -> #N/A | AI60: 100.112.26.59 | AJ60: =_xlfn.XLOOKUP(AI60,Sheet1!B:B,Sheet1!A:A) -> #N/A | AL60: 100.112.27.59 | AM60: =_xlfn.XLOOKUP(AL60,Sheet1!B:B,Sheet1!A:A) -> #N/A | AN60: 917 DSD | AO60: 100.112.28.59 | AP60: =_xlfn.XLOOKUP(AO60,Sheet1!B:B,Sheet1!A:A) -> #N/A
B61: 100.112.0.60 | C61: =_xlfn.XLOOKUP(B61,Sheet1!B:B,Sheet1!A:A) -> #N/A | E61: 100.112.1.60 | F61: =_xlfn.XLOOKUP(E61,Sheet1!B:B,Sheet1!A:A) -> BLRSBMCLCMSAP1 | H61: 100.112.2.60 | I61: =_xlfn.XLOOKUP(H61,Sheet1!B:B,Sheet1!A:A) -> #N/A | J61: NAT_SUB 916 | K61: 100.112.3.60 | L61: =_xlfn.XLOOKUP(K61,Sheet1!B:B,Sheet1!A:A) -> #N/A | M61: 866 UAT-WEBJAP | N61: 100.112.4.60 | O61: =_xlfn.XLOOKUP(N61,Sheet1!B:B,Sheet1!A:A) -> SuiteCRMUAT_VIP | P61: 865 UAT-WEB-I | Q61: 100.112.5.60 | R61: =_xlfn.XLOOKUP(Q61,Sheet1!B:B,Sheet1!A:A) -> LB Clustering self IP(floating) | S61: 872 AD_Prod | T61: 100.112.6.60 | U61: =_xlfn.XLOOKUP(T61,Sheet1!B:B,Sheet1!A:A) -> BANSBMESBUATAPP | V61: 912 UAT_APP2 | W61: 100.112.7.60 | X61: =_xlfn.XLOOKUP(W61,Sheet1!B:B,Sheet1!A:A) -> #N/A | Z61: 100.112.9.60 | AA61: =_xlfn.XLOOKUP(Z61,Sheet1!B:B,Sheet1!A:A) -> #N/A | AB61: 909 VDI | AC61: 100.112.10.60 | AD61: =_xlfn.XLOOKUP(AC61,Sheet1!B:B,Sheet1!A:A) -> #N/A | AE61: 670 New_APP | AF61: 100.112.12.60 | AG61: =_xlfn.XLOOKUP(AF61,Sheet1!B:B,Sheet1!A:A) -> #N/A | AI61: 100.112.26.60 | AJ61: =_xlfn.XLOOKUP(AI61,Sheet1!B:B,Sheet1!A:A) -> #N/A | AL61: 100.112.27.60 | AM61: =_xlfn.XLOOKUP(AL61,Sheet1!B:B,Sheet1!A:A) -> #N/A | AN61: 917 DSD | AO61: 100.112.28.60 | AP61: =_xlfn.XLOOKUP(AO61,Sheet1!B:B,Sheet1!A:A) -> #N/A
... B65: 100.112.0.64 | C65: =_xlfn.XLOOKUP(B65,Sheet1!B:B,Sheet1!A:A) -> #N/A | E65: 100.112.1.64 | F65: =_xlfn.XLOOKUP(E65,Sheet1!B:B,Sheet1!A:A) -> #N/A | H65: 100.112.2.64 | I65: =_xlfn.XLOOKUP(H65,Sheet1!B:B,Sheet1!A:A) -> #N/A | J65: NAT_SUB 916 | K65: 100.112.3.64 | L65: =_xlfn.XLOOKUP(K65,Sheet1!B:B,Sheet1!A:A) -> #N/A | M65: 866 UAT-WEBJAP | N65: 100.112.4.64 | O65: =_xlfn.XLOOKUP(N65,Sheet1!B:B,Sheet1!A:A) -> #N/A | P65: 865 UAT-WEB-I | Q65: 100.112.5.64 | R65: =_xlfn.XLOOKUP(Q65,Sheet1!B:B,Sheet1!A:A) -> #N/A | S65: 872 AD_Prod | T65: 100.112.6.64 | U65: =_xlfn.XLOOKUP(T65,Sheet1!B:B,Sheet1!A:A) -> #N/A | V65: 912 UAT_APP2 | W65: 100.112.7.64 | X65: =_xlfn.XLOOKUP(W65,Sheet1!B:B,Sheet1!A:A) -> #N/A | Z65: 100.112.9.64 | AA65: =_xlfn.XLOOKUP(Z65,Sheet1!B:B,Sheet1!A:A) -> #N/A | AB65: 909 VDI | AC65: 100.112.10.64 | AD65: =_xlfn.XLOOKUP(AC65,Sheet1!B:B,Sheet1!A:A) -> #N/A | AE65: 670 New_APP | AF65: 100.112.12.64 | AG65: =_xlfn.XLOOKUP(AF65,Sheet1!B:B,Sheet1!A:A) -> #N/A | AI65: 100.112.26.64 | AJ65: =_xlfn.XLOOKUP(AI65,Sheet1!B:B,Sheet1!A:A) -> #N/A | AL65: 100.112.27.64 | AM65: =_xlfn.XLOOKUP(AL65,Sheet1!B:B,Sheet1!A:A) -> #N/A | AN65: 917 DSD | AO65: 100.112.28.64 | AP65: =_xlfn.XLOOKUP(AO65,Sheet1!B:B,Sheet1!A:A) -> #N/A
A66: 851 PROD | B66: 100.112.0.65 | C66: =_xlfn.XLOOKUP(B66,Sheet1!B:B,Sheet1!A:A) -> #N/A | D66: 855 CAP | E66: 100.112.1.65 | F66: =_xlfn.XLOOKUP(E66,Sheet1!B:B,Sheet1!A:A) -> #N/A | G66: 876 DB1 | H66: 100.112.2.65 | I66: =_xlfn.XLOOKUP(H66,Sheet1!B:B,Sheet1!A:A) -> #N/A | J66: NAT_SUB 916 | K66: 100.112.3.65 | L66: =_xlfn.XLOOKUP(K66,Sheet1!B:B,Sheet1!A:A) -> #N/A | M66: 862 UAT-DB | N66: 100.112.4.65 | O66: =_xlfn.XLOOKUP(N66,Sheet1!B:B,Sheet1!A:A) -> #N/A | P66: 868 UAT-APP | Q66: 100.112.5.65 | R66: =_xlfn.XLOOKUP(Q66,Sheet1!B:B,Sheet1!A:A) -> #N/A | S66: 918 Web1 | T66: 100.112.6.65 | U66: =_xlfn.XLOOKUP(T66,Sheet1!B:B,Sheet1!A:A) -> #N/A | V66: 912 UAT_APP2 | W66: 100.112.7.65 | X66: =_xlfn.XLOOKUP(W66,Sheet1!B:B,Sheet1!A:A) -> #N/A | Z66: 100.112.9.65 | AA66: =_xlfn.XLOOKUP(Z66,Sheet1!B:B,Sheet1!A:A) -> #N/A | AB66: 909 VDI | AC66: 100.112.10.65 | AD66: =_xlfn.XLOOKUP(AC66,Sheet1!B:B,Sheet1!A:A) -> #N/A | AE66: 670 New_APP | AF66: 100.112.12.65 | AG66: =_xlfn.XLOOKUP(AF66,Sheet1!B:B,Sheet1!A:A) -> #N/A | AI66: 100.112.26.65 | AJ66: =_xlfn.XLOOKUP(AI66,Sheet1!B:B,Sheet1!A:A) -> #N/A | AL66: 100.112.27.65 | AM66: =_xlfn.XLOOKUP(AL66,Sheet1!B:B,Sheet1!A:A) -> #N/A | AN66: 917 DSD | AO66: 100.112.28.65 | AP66: =_xlfn.XLOOKUP(AO66,Sheet1!B:B,Sheet1!A:A) -> #N/A
A67: 851 PROD | B67: 100.112.0.66 | C67: =_xlfn.XLOOKUP(B67,Sheet1!B:B,Sheet1!A:A) -> ASA VLAN Standby | D67: 855 CAP | E67: 100.112.1.66 | F67: =_xlfn.XLOOKUP(E67,Sheet1!B:B,Sheet1!A:A) -> #N/A | G67: 876 DB1 | H67: 100.112.2.66 | I67: =_xlfn.XLOOKUP(H67,Sheet1!B:B,Sheet1!A:A) -> BLRSBMTRDDB1 | J67: NAT_SUB 916 | K67: 100.112.3.66 | L67: =_xlfn.XLOOKUP(K67,Sheet1!B:B,Sheet1!A:A) -> #N/A | M67: 862 UAT-DB | N67: 100.112.4.66 | O67: =_xlfn.XLOOKUP(N67,Sheet1!B:B,Sheet1!A:A) -> #N/A | P67: 868 UAT-APP | Q67: 100.112.5.66 | R67: =_xlfn.XLOOKUP(Q67,Sheet1!B:B,Sheet1!A:A) -> BANSBMUATTZAPP | S67: 918 Web1 | T67: 100.112.6.66 | U67: =_xlfn.XLOOKUP(T67,Sheet1!B:B,Sheet1!A:A) -> #N/A | V67: 912 UAT_APP2 | W67: 100.112.7.66 | X67: =_xlfn.XLOOKUP(W67,Sheet1!B:B,Sheet1!A:A) -> #N/A | Z67: 100.112.9.66 | AA67: =_xlfn.XLOOKUP(Z67,Sheet1!B:B,Sheet1!A:A) -> #N/A | AB67: 909 VDI | AC67: 100.112.10.66 | AD67: =_xlfn.XLOOKUP(AC67,Sheet1!B:B,Sheet1!A:A) -> #N/A | AE67: 670 New_APP | AF67: 100.112.12.66 | AG67: =_xlfn.XLOOKUP(AF67,Sheet1!B:B,Sheet1!A:A) -> #N/A | AI67: 100.112.26.66 | AJ67: =_xlfn.XLOOKUP(AI67,Sheet1!B:B,Sheet1!A:A) -> #N/A | AL67: 100.112.27.66 | AM67: =_xlfn.XLOOKUP(AL67,Sheet1!B:B,Sheet1!A:A) -> #N/A | AN67: 917 DSD | AO67: 100.112.28.66 | AP67: =_xlfn.XLOOKUP(AO67,Sheet1!B:B,Sheet1!A:A) -> #N/A
A68: 851 PROD | B68: 100.112.0.67 | C68: =_xlfn.XLOOKUP(B68,Sheet1!B:B,Sheet1!A:A) -> #N/A | D68: 855 CAP | E68: 100.112.1.67 | F68: =_xlfn.XLOOKUP(E68,Sheet1!B:B,Sheet1!A:A) -> SBMPAYAPP_10194_VS | G68: 876 DB1 | H68: 100.112.2.67 | I68: =_xlfn.XLOOKUP(H68,Sheet1!B:B,Sheet1!A:A) -> ASA VLAN Standby | J68: NAT_SUB 916 | K68: 100.112.3.67 | L68: =_xlfn.XLOOKUP(K68,Sheet1!B:B,Sheet1!A:A) -> #N/A | M68: 862 UAT-DB | N68: 100.112.4.67 | O68: =_xlfn.XLOOKUP(N68,Sheet1!B:B,Sheet1!A:A) -> BLRSBMUATFIMEDB | P68: 868 UAT-APP | Q68: 100.112.5.67 | R68: =_xlfn.XLOOKUP(Q68,Sheet1!B:B,Sheet1!A:A) -> BLRSBMUATFIMAPP | S68: 918 Web1 | T68: 100.112.6.67 | U68: =_xlfn.XLOOKUP(T68,Sheet1!B:B,Sheet1!A:A) -> #N/A | V68: 912 UAT_APP2 | W68: 100.112.7.67 | X68: =_xlfn.XLOOKUP(W68,Sheet1!B:B,Sheet1!A:A) -> #N/A | Z68: 100.112.9.67 | AA68: =_xlfn.XLOOKUP(Z68,Sheet1!B:B,Sheet1!A:A) -> #N/A | AB68: 909 VDI | AC68: 100.112.10.67 | AD68: =_xlfn.XLOOKUP(AC68,Sheet1!B:B,Sheet1!A:A) -> #N/A | AE68: 670 New_APP | AF68: 100.112.12.67 | AG68: =_xlfn.XLOOKUP(AF68,Sheet1!B:B,Sheet1!A:A) -> #N/A | AI68: 100.112.26.67 | AJ68: =_xlfn.XLOOKUP(AI68,Sheet1!B:B,Sheet1!A:A) -> #N/A | AL68: 100.112.27.67 | AM68: =_xlfn.XLOOKUP(AL68,Sheet1!B:B,Sheet1!A:A) -> #N/A | AN68: 917 DSD | AO68: 100.112.28.67 | AP68: =_xlfn.XLOOKUP(AO68,Sheet1!B:B,Sheet1!A:A) -> #N/A
A69: 851 PROD | B69: 100.112.0.68 | C69: =_xlfn.XLOOKUP(B69,Sheet1!B:B,Sheet1!A:A) -> #N/A | D69: 855 CAP | E69: 100.112.1.68 | F69: =_xlfn.XLOOKUP(E69,Sheet1!B:B,Sheet1!A:A) -> SBMCOREAPP-12080_VS | G69: 876 DB1 | H69: 100.112.2.68 | I69: =_xlfn.XLOOKUP(H69,Sheet1!B:B,Sheet1!A:A) -> BLRSBNESLDB1 | J69: NAT_SUB 916 | K69: 100.112.3.68 | L69: =_xlfn.XLOOKUP(K69,Sheet1!B:B,Sheet1!A:A) -> #N/A | M69: 862 UAT-DB | N69: 100.112.4.68 | O69: =_xlfn.XLOOKUP(N69,Sheet1!B:B,Sheet1!A:A) -> BLRSBMUATRFMSDB | P69: 868 UAT-APP | Q69: 100.112.5.68 | R69: =_xlfn.XLOOKUP(Q69,Sheet1!B:B,Sheet1!A:A) -> BLRSBMUATFAMSAP | S69: 918 Web1 | T69: 100.112.6.68 | U69: =_xlfn.XLOOKUP(T69,Sheet1!B:B,Sheet1!A:A) -> #N/A | V69: 912 UAT_APP2 | W69: 100.112.7.68 | X69: =_xlfn.XLOOKUP(W69,Sheet1!B:B,Sheet1!A:A) -> #N/A | Z69: 100.112.9.68 | AA69: =_xlfn.XLOOKUP(Z69,Sheet1!B:B,Sheet1!A:A) -> #N/A | AB69: 909 VDI | AC69: 100.112.10.68 | AD69: =_xlfn.XLOOKUP(AC69,Sheet1!B:B,Sheet1!A:A) -> #N/A | AE69: 670 New_APP | AF69: 100.112.12.68 | AG69: =_xlfn.XLOOKUP(AF69,Sheet1!B:B,Sheet1!A:A) -> #N/A | AI69: 100.112.26.68 | AJ69: =_xlfn.XLOOKUP(AI69,Sheet1!B:B,Sheet1!A:A) -> #N/A | AL69: 100.112.27.68 | AM69: =_xlfn.XLOOKUP(AL69,Sheet1!B:B,Sheet1!A:A) -> #N/A | AN69: 917 DSD | AO69: 100.112.28.68 | AP69: =_xlfn.XLOOKUP(AO69,Sheet1!B:B,Sheet1!A:A) -> #N/A
A70: 851 PROD | B70: 100.112.0.69 | C70: =_xlfn.XLOOKUP(B70,Sheet1!B:B,Sheet1!A:A) -> BLRSBMTRESDB1 | D70: 855 CAP | E70: 100.112.1.69 | F70: =_xlfn.XLOOKUP(E70,Sheet1!B:B,Sheet1!A:A) -> #N/A | G70: 876 DB1 | H70: 100.112.2.69 | I70: =_xlfn.XLOOKUP(H70,Sheet1!B:B,Sheet1!A:A) -> #N/A | J70: NAT_SUB 916 | K70: 100.112.3.69 | L70: =_xlfn.XLOOKUP(K70,Sheet1!B:B,Sheet1!A:A) -> #N/A | M70: 862 UAT-DB | N70: 100.112.4.69 | O70: =_xlfn.XLOOKUP(N70,Sheet1!B:B,Sheet1!A:A) -> BLRSBMOASUATDB | P70: 868 UAT-APP | Q70: 100.112.5.69 | R70: =_xlfn.XLOOKUP(Q70,Sheet1!B:B,Sheet1!A:A) -> BLRSBMOASUATAPP | S70: 918 Web1 | T70: 100.112.6.69 | U70: =_xlfn.XLOOKUP(T70,Sheet1!B:B,Sheet1!A:A) -> #N/A | V70: 912 UAT_APP2 | W70: 100.112.7.69 | X70: =_xlfn.XLOOKUP(W70,Sheet1!B:B,Sheet1!A:A) -> #N/A | Z70: 100.112.9.69 | AA70: =_xlfn.XLOOKUP(Z70,Sheet1!B:B,Sheet1!A:A) -> #N/A | AB70: 909 VDI | AC70: 100.112.10.69 | AD70: =_xlfn.XLOOKUP(AC70,Sheet1!B:B,Sheet1!A:A) -> #N/A | AE70: 670 New_APP | AF70: 100.112.12.69 | AG70: =_xlfn.XLOOKUP(AF70,Sheet1!B:B,Sheet1!A:A) -> #N/A | AI70: 100.112.26.69 | AJ70: =_xlfn.XLOOKUP(AI70,Sheet1!B:B,Sheet1!A:A) -> #N/A | AL70: 100.112.27.69 | AM70: =_xlfn.XLOOKUP(AL70,Sheet1!B:B,Sheet1!A:A) -> #N/A | AN70: 917 DSD | AO70: 100.112.28.69 | AP70: =_xlfn.XLOOKUP(AO70,Sheet1!B:B,Sheet1!A:A) -> #N/A
A71: 851 PROD | B71: 100.112.0.70 | C71: =_xlfn.XLOOKUP(B71,Sheet1!B:B,Sheet1!A:A) -> #N/A | D71: 855 CAP | E71: 100.112.1.70 | F71: =_xlfn.XLOOKUP(E71,Sheet1!B:B,Sheet1!A:A) -> Rapipay_VS | G71: 876 DB1 | H71: 100.112.2.70 | I71: =_xlfn.XLOOKUP(H71,Sheet1!B:B,Sheet1!A:A) -> BLRSSBMFTPDB1 | J71: NAT_SUB 916 | K71: 100.112.3.70 | L71: =_xlfn.XLOOKUP(K71,Sheet1!B:B,Sheet1!A:A) -> #N/A | M71: 862 UAT-DB | N71: 100.112.4.70 | O71: =_xlfn.XLOOKUP(N71,Sheet1!B:B,Sheet1!A:A) -> BLRSBMAXIDBUAT | P71: 868 UAT-APP | Q71: 100.112.5.70 | R71: =_xlfn.XLOOKUP(Q71,Sheet1!B:B,Sheet1!A:A) -> BLRSBMAMLUATAPP | S71: 918 Web1 | T71: 100.112.6.70 | U71: =_xlfn.XLOOKUP(T71,Sheet1!B:B,Sheet1!A:A) -> #N/A | V71: 912 UAT_APP2 | W71: 100.112.7.70 | X71: =_xlfn.XLOOKUP(W71,Sheet1!B:B,Sheet1!A:A) -> #N/A | Z71: 100.112.9.70 | AA71: =_xlfn.XLOOKUP(Z71,Sheet1!B:B,Sheet1!A:A) -> #N/A | AB71: 909 VDI | AC71: 100.112.10.70 | AD71: =_xlfn.XLOOKUP(AC71,Sheet1!B:B,Sheet1!A:A) -> #N/A | AE71: 670 New_APP | AF71: 100.112.12.70 | AG71: =_xlfn.XLOOKUP(AF71,Sheet1!B:B,Sheet1!A:A) -> #N/A | AI71: 100.112.26.70 | AJ71: =_xlfn.XLOOKUP(AI71,Sheet1!B:B,Sheet1!A:A) -> #N/A | AL71: 100.112.27.70 | AM71: =_xlfn.XLOOKUP(AL71,Sheet1!B:B,Sheet1!A:A) -> #N/A | AN71: 917 DSD | AO71: 100.112.28.70 | AP71: =_xlfn.XLOOKUP(AO71,Sheet1!B:B,Sheet1!A:A) -> #N/A
A72: 851 PROD | B72: 100.112.0.71 | C72: =_xlfn.XLOOKUP(B72,Sheet1!B:B,Sheet1!A:A) -> BANSBMESBDB | D72: 855 CAP | E72: 100.112.1.71 | F72: =_xlfn.XLOOKUP(E72,Sheet1!B:B,Sheet1!A:A) -> #N/A | G72: 876 DB1 | H72: 100.112.2.71 | I72: =_xlfn.XLOOKUP(H72,Sheet1!B:B,Sheet1!A:A) -> BLRSBMPFMSDB1 | J72: NAT_SUB 916 | K72: 100.112.3.71 | L72: =_xlfn.XLOOKUP(K72,Sheet1!B:B,Sheet1!A:A) -> #N/A | M72: 862 UAT-DB | N72: 100.112.4.71 | O72: =_xlfn.XLOOKUP(N72,Sheet1!B:B,Sheet1!A:A) -> BLRSBMAMUATLDB1 | P72: 868 UAT-APP | Q72: 100.112.5.71 | R72: =_xlfn.XLOOKUP(Q72,Sheet1!B:B,Sheet1!A:A) -> #N/A | S72: 918 Web1 | T72: 100.112.6.71 | U72: =_xlfn.XLOOKUP(T72,Sheet1!B:B,Sheet1!A:A) -> #N/A | V72: 912 UAT_APP2 | W72: 100.112.7.71 | X72: =_xlfn.XLOOKUP(W72,Sheet1!B:B,Sheet1!A:A) -> #N/A | Z72: 100.112.9.71 | AA72: =_xlfn.XLOOKUP(Z72,Sheet1!B:B,Sheet1!A:A) -> #N/A | AB72: 909 VDI | AC72: 100.112.10.71 | AD72: =_xlfn.XLOOKUP(AC72,Sheet1!B:B,Sheet1!A:A) -> #N/A | AE72: 670 New_APP | AF72: 100.112.12.71 | AG72: =_xlfn.XLOOKUP(AF72,Sheet1!B:B,Sheet1!A:A) -> #N/A | AI72: 100.112.26.71 | AJ72: =_xlfn.XLOOKUP(AI72,Sheet1!B:B,Sheet1!A:A) -> #N/A | AL72: 100.112.27.71 | AM72: =_xlfn.XLOOKUP(AL72,Sheet1!B:B,Sheet1!A:A) -> #N/A | AN72: 917 DSD | AO72: 100.112.28.71 | AP72: =_xlfn.XLOOKUP(AO72,Sheet1!B:B,Sheet1!A:A) -> #N/A
A73: 851 PROD | B73: 100.112.0.72 | C73: =_xlfn.XLOOKUP(B73,Sheet1!B:B,Sheet1!A:A) -> BANSBMCRMDB | D73: 855 CAP | E73: 100.112.1.72 | F73: =_xlfn.XLOOKUP(E73,Sheet1!B:B,Sheet1!A:A) -> BLRSBMRFMSAPP1_VS_8443 | G73: 876 DB1 | H73: 100.112.2.72 | I73: =_xlfn.XLOOKUP(H73,Sheet1!B:B,Sheet1!A:A) -> BLRSBMAXIDB01 | J73: NAT_SUB 916 | K73: 100.112.3.72 | L73: =_xlfn.XLOOKUP(K73,Sheet1!B:B,Sheet1!A:A) -> #N/A | M73: 862 UAT-DB | N73: 100.112.4.72 | O73: =_xlfn.XLOOKUP(N73,Sheet1!B:B,Sheet1!A:A) -> BLRSBMUATSFMSDB | P73: 868 UAT-APP | Q73: 100.112.5.72 | R73: =_xlfn.XLOOKUP(Q73,Sheet1!B:B,Sheet1!A:A) -> BLRSBMUATSFMSAP | S73: 918 Web1 | T73: 100.112.6.72 | U73: =_xlfn.XLOOKUP(T73,Sheet1!B:B,Sheet1!A:A) -> #N/A | V73: 912 UAT_APP2 | W73: 100.112.7.72 | X73: =_xlfn.XLOOKUP(W73,Sheet1!B:B,Sheet1!A:A) -> #N/A | Z73: 100.112.9.72 | AA73: =_xlfn.XLOOKUP(Z73,Sheet1!B:B,Sheet1!A:A) -> #N/A | AB73: 909 VDI | AC73: 100.112.10.72 | AD73: =_xlfn.XLOOKUP(AC73,Sheet1!B:B,Sheet1!A:A) -> #N/A | AE73: 670 New_APP | AF73: 100.112.12.72 | AG73: =_xlfn.XLOOKUP(AF73,Sheet1!B:B,Sheet1!A:A) -> #N/A | AI73: 100.112.26.72 | AJ73: =_xlfn.XLOOKUP(AI73,Sheet1!B:B,Sheet1!A:A) -> #N/A | AL73: 100.112.27.72 | AM73: =_xlfn.XLOOKUP(AL73,Sheet1!B:B,Sheet1!A:A) -> #N/A | AN73: 917 DSD | AO73: 100.112.28.72 | AP73: =_xlfn.XLOOKUP(AO73,Sheet1!B:B,Sheet1!A:A) -> #N/A
A74: 851 PROD | B74: 100.112.0.73 | C74: =_xlfn.XLOOKUP(B74,Sheet1!B:B,Sheet1!A:A) -> #N/A | D74: 855 CAP | E74: 100.112.1.73 | F74: =_xlfn.XLOOKUP(E74,Sheet1!B:B,Sheet1!A:A) -> BLRSBMRFMSAPP2_VS_8443 | G74: 876 DB1 | H74: 100.112.2.73 | I74: =_xlfn.XLOOKUP(H74,Sheet1!B:B,Sheet1!A:A) -> BLRSBMNACHDB | J74: NAT_SUB 916 | K74: 100.112.3.73 | L74: =_xlfn.XLOOKUP(K74,Sheet1!B:B,Sheet1!A:A) -> #N/A | M74: 862 UAT-DB | N74: 100.112.4.73 | O74: =_xlfn.XLOOKUP(N74,Sheet1!B:B,Sheet1!A:A) -> BANSBMUATFINDB | P74: 868 UAT-APP | Q74: 100.112.5.73 | R74: =_xlfn.XLOOKUP(Q74,Sheet1!B:B,Sheet1!A:A) -> BLRSBMUTKDMAP1 | S74: 918 Web1 | T74: 100.112.6.73 | U74: =_xlfn.XLOOKUP(T74,Sheet1!B:B,Sheet1!A:A) -> #N/A | V74: 912 UAT_APP2 | W74: 100.112.7.73 | X74: =_xlfn.XLOOKUP(W74,Sheet1!B:B,Sheet1!A:A) -> #N/A | Z74: 100.112.9.73 | AA74: =_xlfn.XLOOKUP(Z74,Sheet1!B:B,Sheet1!A:A) -> #N/A | AB74: 909 VDI | AC74: 100.112.10.73 | AD74: =_xlfn.XLOOKUP(AC74,Sheet1!B:B,Sheet1!A:A) -> #N/A | AE74: 670 New_APP | AF74: 100.112.12.73 | AG74: =_xlfn.XLOOKUP(AF74,Sheet1!B:B,Sheet1!A:A) -> #N/A | AI74: 100.112.26.73 | AJ74: =_xlfn.XLOOKUP(AI74,Sheet1!B:B,Sheet1!A:A) -> #N/A | AL74: 100.112.27.73 | AM74: =_xlfn.XLOOKUP(AL74,Sheet1!B:B,Sheet1!A:A) -> #N/A | AN74: 917 DSD | AO74: 100.112.28.73 | AP74: =_xlfn.XLOOKUP(AO74,Sheet1!B:B,Sheet1!A:A) -> #N/A
A75: 851 PROD | B75: 100.112.0.74 | C75: =_xlfn.XLOOKUP(B75,Sheet1!B:B,Sheet1!A:A) -> #N/A | D75: 855 CAP | E75: 100.112.1.74 | F75: =_xlfn.XLOOKUP(E75,Sheet1!B:B,Sheet1!A:A) -> BLRSBMRFMSAPP3_VS_443 | G75: 876 DB1 | H75: 100.112.2.74 | I75: =_xlfn.XLOOKUP(H75,Sheet1!B:B,Sheet1!A:A) -> BLRSBMDRSFMSDB | J75: NAT_SUB 916 | K75: 100.112.3.74 | L75: =_xlfn.XLOOKUP(K75,Sheet1!B:B,Sheet1!A:A) -> #N/A | M75: 862 UAT-DB | N75: 100.112.4.74 | O75: =_xlfn.XLOOKUP(N75,Sheet1!B:B,Sheet1!A:A) -> BLRSBMUATNACHDB | P75: 868 UAT-APP | Q75: 100.112.5.74 | R75: =_xlfn.XLOOKUP(Q75,Sheet1!B:B,Sheet1!A:A) -> BLRSBMUATSFMSMQ | S75: 918 Web1 | T75: 100.112.6.74 | U75: =_xlfn.XLOOKUP(T75,Sheet1!B:B,Sheet1!A:A) -> #N/A | V75: 912 UAT_APP2 | W75: 100.112.7.74 | X75: =_xlfn.XLOOKUP(W75,Sheet1!B:B,Sheet1!A:A) -> #N/A | Z75: 100.112.9.74 | AA75: =_xlfn.XLOOKUP(Z75,Sheet1!B:B,Sheet1!A:A) -> #N/A | AB75: 909 VDI | AC75: 100.112.10.74 | AD75: =_xlfn.XLOOKUP(AC75,Sheet1!B:B,Sheet1!A:A) -> #N/A | AE75: 670 New_APP | AF75: 100.112.12.74 | AG75: =_xlfn.XLOOKUP(AF75,Sheet1!B:B,Sheet1!A:A) -> #N/A | AI75: 100.112.26.74 | AJ75: =_xlfn.XLOOKUP(AI75,Sheet1!B:B,Sheet1!A:A) -> #N/A | AL75: 100.112.27.74 | AM75: =_xlfn.XLOOKUP(AL75,Sheet1!B:B,Sheet1!A:A) -> #N/A | AN75: 917 DSD | AO75: 100.112.28.74 | AP75: =_xlfn.XLOOKUP(AO75,Sheet1!B:B,Sheet1!A:A) -> #N/A
A76: 851 PROD | B76: 100.112.0.75 | C76: =_xlfn.XLOOKUP(B76,Sheet1!B:B,Sheet1!A:A) -> #N/A | D76: 855 CAP | E76: 100.112.1.75 | F76: =_xlfn.XLOOKUP(E76,Sheet1!B:B,Sheet1!A:A) -> #N/A | G76: 876 DB1 | H76: 100.112.2.75 | I76: =_xlfn.XLOOKUP(H76,Sheet1!B:B,Sheet1!A:A) -> #N/A | J76: NAT_SUB 916 | K76: 100.112.3.75 | L76: =_xlfn.XLOOKUP(K76,Sheet1!B:B,Sheet1!A:A) -> #N/A | M76: 862 UAT-DB | N76: 100.112.4.75 | O76: =_xlfn.XLOOKUP(N76,Sheet1!B:B,Sheet1!A:A) -> BLRSBMUATIBPSDB | P76: 868 UAT-APP | Q76: 100.112.5.75 | R76: =_xlfn.XLOOKUP(Q76,Sheet1!B:B,Sheet1!A:A) -> BANSBMUATIB | S76: 918 Web1 | T76: 100.112.6.75 | U76: =_xlfn.XLOOKUP(T76,Sheet1!B:B,Sheet1!A:A) -> #N/A | V76: 912 UAT_APP2 | W76: 100.112.7.75 | X76: =_xlfn.XLOOKUP(W76,Sheet1!B:B,Sheet1!A:A) -> #N/A | Z76: 100.112.9.75 | AA76: =_xlfn.XLOOKUP(Z76,Sheet1!B:B,Sheet1!A:A) -> #N/A | AB76: 909 VDI | AC76: 100.112.10.75 | AD76: =_xlfn.XLOOKUP(AC76,Sheet1!B:B,Sheet1!A:A) -> #N/A | AE76: 670 New_APP | AF76: 100.112.12.75 | AG76: =_xlfn.XLOOKUP(AF76,Sheet1!B:B,Sheet1!A:A) -> #N/A | AI76: 100.112.26.75 | AJ76: =_xlfn.XLOOKUP(AI76,Sheet1!B:B,Sheet1!A:A) -> #N/A | AL76: 100.112.27.75 | AM76: =_xlfn.XLOOKUP(AL76,Sheet1!B:B,Sheet1!A:A) -> #N/A | AN76: 917 DSD | AO76: 100.112.28.75 | AP76: =_xlfn.XLOOKUP(AO76,Sheet1!B:B,Sheet1!A:A) -> #N/A
A77: 851 PROD | B77: 100.112.0.76 | C77: =_xlfn.XLOOKUP(B77,Sheet1!B:B,Sheet1!A:A) -> BLRSBMTESTDB | D77: 855 CAP | E77: 100.112.1.76 | F77: =_xlfn.XLOOKUP(E77,Sheet1!B:B,Sheet1!A:A) -> ASA VLAN Standby | G77: 876 DB1 | H77: 100.112.2.76 | I77: =_xlfn.XLOOKUP(H77,Sheet1!B:B,Sheet1!A:A) -> BLRSBMAMLDB1 | J77: NAT_SUB 916 | K77: 100.112.3.76 | L77: =_xlfn.XLOOKUP(K77,Sheet1!B:B,Sheet1!A:A) -> #N/A | M77: 862 UAT-DB | N77: 100.112.4.76 | O77: =_xlfn.XLOOKUP(N77,Sheet1!B:B,Sheet1!A:A) -> BLRSBMACIUATDB01 | P77: 868 UAT-APP | Q77: 100.112.5.76 | R77: =_xlfn.XLOOKUP(Q77,Sheet1!B:B,Sheet1!A:A) -> BANSBMUATIC | S77: 918 Web1 | T77: 100.112.6.76 | U77: =_xlfn.XLOOKUP(T77,Sheet1!B:B,Sheet1!A:A) -> #N/A | V77: 912 UAT_APP2 | W77: 100.112.7.76 | X77: =_xlfn.XLOOKUP(W77,Sheet1!B:B,Sheet1!A:A) -> #N/A | Z77: 100.112.9.76 | AA77: =_xlfn.XLOOKUP(Z77,Sheet1!B:B,Sheet1!A:A) -> #N/A | AB77: 909 VDI | AC77: 100.112.10.76 | AD77: =_xlfn.XLOOKUP(AC77,Sheet1!B:B,Sheet1!A:A) -> #N/A | AE77: 670 New_APP | AF77: 100.112.12.76 | AG77: =_xlfn.XLOOKUP(AF77,Sheet1!B:B,Sheet1!A:A) -> #N/A | AI77: 100.112.26.76 | AJ77: =_xlfn.XLOOKUP(AI77,Sheet1!B:B,Sheet1!A:A) -> #N/A | AL77: 100.112.27.76 | AM77: =_xlfn.XLOOKUP(AL77,Sheet1!B:B,Sheet1!A:A) -> #N/A | AN77: 917 DSD | AO77: 100.112.28.76 | AP77: =_xlfn.XLOOKUP(AO77,Sheet1!B:B,Sheet1!A:A) -> #N/A
... A129: 850 SERVICE_CONSOLE | B129: 100.112.0.128 | C129: =_xlfn.XLOOKUP(B129,Sheet1!B:B,Sheet1!A:A) -> #N/A | D129: 856 JAP | E129: 100.112.1.128 | F129: =_xlfn.XLOOKUP(E129,Sheet1!B:B,Sheet1!A:A) -> #N/A | G129: 880 APP1 | H129: 100.112.2.128 | I129: =_xlfn.XLOOKUP(H129,Sheet1!B:B,Sheet1!A:A) -> #N/A | J129: NAT_SUB 916 | K129: 100.112.3.128 | L129: =_xlfn.XLOOKUP(K129,Sheet1!B:B,Sheet1!A:A) -> #N/A | M129: 863 UAT-CAP | N129: 100.112.4.128 | O129: =_xlfn.XLOOKUP(N129,Sheet1!B:B,Sheet1!A:A) -> #N/A | P129: 869 UAT_WEB | Q129: 100.112.5.128 | R129: =_xlfn.XLOOKUP(Q129,Sheet1!B:B,Sheet1!A:A) -> #N/A | S129: 918 Web1 | T129: 100.112.6.128 | U129: =_xlfn.XLOOKUP(T129,Sheet1!B:B,Sheet1!A:A) -> #N/A | V129: 912 UAT_APP2 | W129: 100.112.7.128 | X129: =_xlfn.XLOOKUP(W129,Sheet1!B:B,Sheet1!A:A) -> #N/A | Z129: 100.112.9.128 | AA129: =_xlfn.XLOOKUP(Z129,Sheet1!B:B,Sheet1!A:A) -> #N/A | AB129: 909 VDI | AC129: 100.112.10.128 | AD129: =_xlfn.XLOOKUP(AC129,Sheet1!B:B,Sheet1!A:A) -> #N/A | AE129: 670 New_APP | AF129: 100.112.12.128 | AG129: =_xlfn.XLOOKUP(AF129,Sheet1!B:B,Sheet1!A:A) -> #N/A | AI129: 100.112.26.128 | AJ129: =_xlfn.XLOOKUP(AI129,Sheet1!B:B,Sheet1!A:A) -> #N/A | AL129: 100.112.27.128 | AM129: =_xlfn.XLOOKUP(AL129,Sheet1!B:B,Sheet1!A:A) -> #N/A | AN129: 917 DSD | AO129: 100.112.28.128 | AP129: =_xlfn.XLOOKUP(AO129,Sheet1!B:B,Sheet1!A:A) -> #N/A
A130: 850 SERVICE_CONSOLE | B130: 100.112.0.129 | C130: =_xlfn.XLOOKUP(B130,Sheet1!B:B,Sheet1!A:A) -> #N/A | D130: 856 JAP | E130: 100.112.1.129 | F130: =_xlfn.XLOOKUP(E130,Sheet1!B:B,Sheet1!A:A) -> #N/A | G130: 880 APP1 | H130: 100.112.2.129 | I130: =_xlfn.XLOOKUP(H130,Sheet1!B:B,Sheet1!A:A) -> #N/A | J130: NAT_SUB 916 | K130: 100.112.3.129 | L130: =_xlfn.XLOOKUP(K130,Sheet1!B:B,Sheet1!A:A) -> #N/A | M130: 863 UAT-CAP | N130: 100.112.4.129 | O130: =_xlfn.XLOOKUP(N130,Sheet1!B:B,Sheet1!A:A) -> #N/A | P130: 869 UAT_WEB | Q130: 100.112.5.129 | R130: =_xlfn.XLOOKUP(Q130,Sheet1!B:B,Sheet1!A:A) -> BNG-SBM-MHS-EXT-FGT-FW01 | S130: 910 APP2 | T130: 100.112.6.129 | U130: =_xlfn.XLOOKUP(T130,Sheet1!B:B,Sheet1!A:A) -> #N/A | W130: 100.112.7.129 | X130: =_xlfn.XLOOKUP(W130,Sheet1!B:B,Sheet1!A:A) -> #N/A | Z130: 100.112.9.129 | AA130: =_xlfn.XLOOKUP(Z130,Sheet1!B:B,Sheet1!A:A) -> #N/A | AB130: 909 VDI | AC130: 100.112.10.129 | AD130: =_xlfn.XLOOKUP(AC130,Sheet1!B:B,Sheet1!A:A) -> #N/A | AE130: 670 New_APP | AF130: 100.112.12.129 | AG130: =_xlfn.XLOOKUP(AF130,Sheet1!B:B,Sheet1!A:A) -> #N/A | AI130: 100.112.26.129 | AJ130: =_xlfn.XLOOKUP(AI130,Sheet1!B:B,Sheet1!A:A) -> #N/A | AL130: 100.112.27.129 | AM130: =_xlfn.XLOOKUP(AL130,Sheet1!B:B,Sheet1!A:A) -> #N/A | AN130: 917 DSD | AO130: 100.112.28.129 | AP130: =_xlfn.XLOOKUP(AO130,Sheet1!B:B,Sheet1!A:A) -> #N/A
A131: 850 SERVICE_CONSOLE | B131: 100.112.0.130 | C131: =_xlfn.XLOOKUP(B131,Sheet1!B:B,Sheet1!A:A) -> BLRSBMVCSA01 | D131: 856 JAP | E131: 100.112.1.130 | F131: =_xlfn.XLOOKUP(E131,Sheet1!B:B,Sheet1!A:A) -> #N/A | G131: 880 APP1 | H131: 100.112.2.130 | I131: =_xlfn.XLOOKUP(H131,Sheet1!B:B,Sheet1!A:A) -> ASA VLAN Standby | J131: NAT_SUB 916 | K131: 100.112.3.130 | L131: =_xlfn.XLOOKUP(K131,Sheet1!B:B,Sheet1!A:A) -> #N/A | M131: 863 UAT-CAP | N131: 100.112.4.130 | O131: =_xlfn.XLOOKUP(N131,Sheet1!B:B,Sheet1!A:A) -> ASA VLAN Standby | P131: 869 UAT_WEB | Q131: 100.112.5.130 | R131: =_xlfn.XLOOKUP(Q131,Sheet1!B:B,Sheet1!A:A) -> BLRSBMAXIWEBUAT | S131: 910 APP2 | T131: 100.112.6.130 | U131: =_xlfn.XLOOKUP(T131,Sheet1!B:B,Sheet1!A:A) -> LB Clustering self IP(standby) | W131: 100.112.7.130 | X131: =_xlfn.XLOOKUP(W131,Sheet1!B:B,Sheet1!A:A) -> #N/A | Z131: 100.112.9.130 | AA131: =_xlfn.XLOOKUP(Z131,Sheet1!B:B,Sheet1!A:A) -> #N/A | AB131: 909 VDI | AC131: 100.112.10.130 | AD131: =_xlfn.XLOOKUP(AC131,Sheet1!B:B,Sheet1!A:A) -> #N/A | AE131: 670 New_APP | AF131: 100.112.12.130 | AG131: =_xlfn.XLOOKUP(AF131,Sheet1!B:B,Sheet1!A:A) -> #N/A | AI131: 100.112.26.130 | AJ131: =_xlfn.XLOOKUP(AI131,Sheet1!B:B,Sheet1!A:A) -> #N/A | AL131: 100.112.27.130 | AM131: =_xlfn.XLOOKUP(AL131,Sheet1!B:B,Sheet1!A:A) -> #N/A | AN131: 917 DSD | AO131: 100.112.28.130 | AP131: =_xlfn.XLOOKUP(AO131,Sheet1!B:B,Sheet1!A:A) -> #N/A
A132: 850 SERVICE_CONSOLE | B132: 100.112.0.131 | C132: =_xlfn.XLOOKUP(B132,Sheet1!B:B,Sheet1!A:A) -> blrsbmesx001 | D132: 856 JAP | E132: 100.112.1.131 | F132: =_xlfn.XLOOKUP(E132,Sheet1!B:B,Sheet1!A:A) -> SBMCOREWEB_12044_VS | G132: 880 APP1 | H132: 100.112.2.131 | I132: =_xlfn.XLOOKUP(H132,Sheet1!B:B,Sheet1!A:A) -> BANSBMESBAPP02 | J132: NAT_SUB 916 | K132: 100.112.3.131 | L132: =_xlfn.XLOOKUP(K132,Sheet1!B:B,Sheet1!A:A) -> #N/A | M132: 863 UAT-CAP | N132: 100.112.4.131 | O132: =_xlfn.XLOOKUP(N132,Sheet1!B:B,Sheet1!A:A) -> ASA VLAN Standby | P132: 869 UAT_WEB | Q132: 100.112.5.131 | R132: =_xlfn.XLOOKUP(Q132,Sheet1!B:B,Sheet1!A:A) -> BLRSBMUATNACHWEB | S132: 910 APP2 | T132: 100.112.6.131 | U132: =_xlfn.XLOOKUP(T132,Sheet1!B:B,Sheet1!A:A) -> LB Clustering self IP(floating) | W132: 100.112.7.131 | X132: =_xlfn.XLOOKUP(W132,Sheet1!B:B,Sheet1!A:A) -> #N/A | Z132: 100.112.9.131 | AA132: =_xlfn.XLOOKUP(Z132,Sheet1!B:B,Sheet1!A:A) -> #N/A | AB132: 909 VDI | AC132: 100.112.10.131 | AD132: =_xlfn.XLOOKUP(AC132,Sheet1!B:B,Sheet1!A:A) -> #N/A | AE132: 670 New_APP | AF132: 100.112.12.131 | AG132: =_xlfn.XLOOKUP(AF132,Sheet1!B:B,Sheet1!A:A) -> #N/A | AI132: 100.112.26.131 | AJ132: =_xlfn.XLOOKUP(AI132,Sheet1!B:B,Sheet1!A:A) -> #N/A | AL132: 100.112.27.131 | AM132: =_xlfn.XLOOKUP(AL132,Sheet1!B:B,Sheet1!A:A) -> #N/A | AN132: 917 DSD | AO132: 100.112.28.131 | AP132: =_xlfn.XLOOKUP(AO132,Sheet1!B:B,Sheet1!A:A) -> #N/A
A133: 850 SERVICE_CONSOLE | B133: 100.112.0.132 | C133: =_xlfn.XLOOKUP(B133,Sheet1!B:B,Sheet1!A:A) -> blrsbmesx002 | D133: 856 JAP | E133: 100.112.1.132 | F133: =_xlfn.XLOOKUP(E133,Sheet1!B:B,Sheet1!A:A) -> SBMPAYWEB_10047_VS | G133: 880 APP1 | H133: 100.112.2.132 | I133: =_xlfn.XLOOKUP(H133,Sheet1!B:B,Sheet1!A:A) -> BANSBMESBAPP03 | J133: NAT_SUB 916 | K133: 100.112.3.132 | L133: =_xlfn.XLOOKUP(K133,Sheet1!B:B,Sheet1!A:A) -> #N/A | M133: 863 UAT-CAP | N133: 100.112.4.132 | O133: =_xlfn.XLOOKUP(N133,Sheet1!B:B,Sheet1!A:A) -> #N/A | P133: 869 UAT_WEB | Q133: 100.112.5.132 | R133: =_xlfn.XLOOKUP(Q133,Sheet1!B:B,Sheet1!A:A) -> BLRSBMUATIBPSWEB | S133: 910 APP2 | T133: 100.112.6.132 | U133: =_xlfn.XLOOKUP(T133,Sheet1!B:B,Sheet1!A:A) -> LB Clustering self IP(floating) | W133: 100.112.7.132 | X133: =_xlfn.XLOOKUP(W133,Sheet1!B:B,Sheet1!A:A) -> #N/A | Z133: 100.112.9.132 | AA133: =_xlfn.XLOOKUP(Z133,Sheet1!B:B,Sheet1!A:A) -> #N/A | AB133: 909 VDI | AC133: 100.112.10.132 | AD133: =_xlfn.XLOOKUP(AC133,Sheet1!B:B,Sheet1!A:A) -> #N/A | AE133: 670 New_APP | AF133: 100.112.12.132 | AG133: =_xlfn.XLOOKUP(AF133,Sheet1!B:B,Sheet1!A:A) -> #N/A | AI133: 100.112.26.132 | AJ133: =_xlfn.XLOOKUP(AI133,Sheet1!B:B,Sheet1!A:A) -> #N/A | AL133: 100.112.27.132 | AM133: =_xlfn.XLOOKUP(AL133,Sheet1!B:B,Sheet1!A:A) -> #N/A | AN133: 917 DSD | AO133: 100.112.28.132 | AP133: =_xlfn.XLOOKUP(AO133,Sheet1!B:B,Sheet1!A:A) -> #N/A
A134: 850 SERVICE_CONSOLE | B134: 100.112.0.133 | C134: =_xlfn.XLOOKUP(B134,Sheet1!B:B,Sheet1!A:A) -> blrsbmesx003 | D134: 856 JAP | E134: 100.112.1.133 | F134: =_xlfn.XLOOKUP(E134,Sheet1!B:B,Sheet1!A:A) -> ASA VLAN Standby | G134: 880 APP1 | H134: 100.112.2.133 | I134: =_xlfn.XLOOKUP(H134,Sheet1!B:B,Sheet1!A:A) -> BLRSBMCREDNAPP | J134: NAT_SUB 916 | K134: 100.112.3.133 | L134: =_xlfn.XLOOKUP(K134,Sheet1!B:B,Sheet1!A:A) -> #N/A | M134: 863 UAT-CAP | N134: 100.112.4.133 | O134: =_xlfn.XLOOKUP(N134,Sheet1!B:B,Sheet1!A:A) -> #N/A | P134: 869 UAT_WEB | Q134: 100.112.5.133 | R134: =_xlfn.XLOOKUP(Q134,Sheet1!B:B,Sheet1!A:A) -> BANSBMUATFINWEB | S134: 910 APP2 | T134: 100.112.6.133 | U134: =_xlfn.XLOOKUP(T134,Sheet1!B:B,Sheet1!A:A) -> Reserved for Acalvio | W134: 100.112.7.133 | X134: =_xlfn.XLOOKUP(W134,Sheet1!B:B,Sheet1!A:A) -> #N/A | Z134: 100.112.9.133 | AA134: =_xlfn.XLOOKUP(Z134,Sheet1!B:B,Sheet1!A:A) -> #N/A | AB134: 909 VDI | AC134: 100.112.10.133 | AD134: =_xlfn.XLOOKUP(AC134,Sheet1!B:B,Sheet1!A:A) -> #N/A | AE134: 670 New_APP | AF134: 100.112.12.133 | AG134: =_xlfn.XLOOKUP(AF134,Sheet1!B:B,Sheet1!A:A) -> #N/A | AI134: 100.112.26.133 | AJ134: =_xlfn.XLOOKUP(AI134,Sheet1!B:B,Sheet1!A:A) -> #N/A | AL134: 100.112.27.133 | AM134: =_xlfn.XLOOKUP(AL134,Sheet1!B:B,Sheet1!A:A) -> #N/A | AN134: 917 DSD | AO134: 100.112.28.133 | AP134: =_xlfn.XLOOKUP(AO134,Sheet1!B:B,Sheet1!A:A) -> #N/A
A135: 850 SERVICE_CONSOLE | B135: 100.112.0.134 | C135: =_xlfn.XLOOKUP(B135,Sheet1!B:B,Sheet1!A:A) -> BLRSBMVCM01 | D135: 856 JAP | E135: 100.112.1.134 | F135: =_xlfn.XLOOKUP(E135,Sheet1!B:B,Sheet1!A:A) -> ASA VLAN Standby | G135: 880 APP1 | H135: 100.112.2.134 | I135: =_xlfn.XLOOKUP(H135,Sheet1!B:B,Sheet1!A:A) -> BANSBMESBAPP01 | J135: NAT_SUB 916 | K135: 100.112.3.134 | L135: =_xlfn.XLOOKUP(K135,Sheet1!B:B,Sheet1!A:A) -> #N/A | M135: 863 UAT-CAP | N135: 100.112.4.134 | O135: =_xlfn.XLOOKUP(N135,Sheet1!B:B,Sheet1!A:A) -> #N/A | P135: 869 UAT_WEB | Q135: 100.112.5.134 | R135: =_xlfn.XLOOKUP(Q135,Sheet1!B:B,Sheet1!A:A) -> BLRSBMUATFIMWEB | S135: 910 APP2 | T135: 100.112.6.134 | U135: =_xlfn.XLOOKUP(T135,Sheet1!B:B,Sheet1!A:A) -> Reserved for Acalvio | W135: 100.112.7.134 | X135: =_xlfn.XLOOKUP(W135,Sheet1!B:B,Sheet1!A:A) -> #N/A | Z135: 100.112.9.134 | AA135: =_xlfn.XLOOKUP(Z135,Sheet1!B:B,Sheet1!A:A) -> #N/A | AB135: 909 VDI | AC135: 100.112.10.134 | AD135: =_xlfn.XLOOKUP(AC135,Sheet1!B:B,Sheet1!A:A) -> #N/A | AE135: 670 New_APP | AF135: 100.112.12.134 | AG135: =_xlfn.XLOOKUP(AF135,Sheet1!B:B,Sheet1!A:A) -> #N/A | AI135: 100.112.26.134 | AJ135: =_xlfn.XLOOKUP(AI135,Sheet1!B:B,Sheet1!A:A) -> #N/A | AL135: 100.112.27.134 | AM135: =_xlfn.XLOOKUP(AL135,Sheet1!B:B,Sheet1!A:A) -> #N/A | AN135: 917 DSD | AO135: 100.112.28.134 | AP135: =_xlfn.XLOOKUP(AO135,Sheet1!B:B,Sheet1!A:A) -> #N/A
A136: 850 SERVICE_CONSOLE | B136: 100.112.0.135 | C136: =_xlfn.XLOOKUP(B136,Sheet1!B:B,Sheet1!A:A) -> blrsbmesx004 | D136: 856 JAP | E136: 100.112.1.135 | F136: =_xlfn.XLOOKUP(E136,Sheet1!B:B,Sheet1!A:A) -> #N/A | G136: 880 APP1 | H136: 100.112.2.135 | I136: =_xlfn.XLOOKUP(H136,Sheet1!B:B,Sheet1!A:A) -> BLRSBMNTRDRAPP | J136: NAT_SUB 916 | K136: 100.112.3.135 | L136: =_xlfn.XLOOKUP(K136,Sheet1!B:B,Sheet1!A:A) -> #N/A | M136: 863 UAT-CAP | N136: 100.112.4.135 | O136: =_xlfn.XLOOKUP(N136,Sheet1!B:B,Sheet1!A:A) -> #N/A | P136: 869 UAT_WEB | Q136: 100.112.5.135 | R136: =_xlfn.XLOOKUP(Q136,Sheet1!B:B,Sheet1!A:A) -> #N/A | S136: 910 APP2 | T136: 100.112.6.135 | U136: =_xlfn.XLOOKUP(T136,Sheet1!B:B,Sheet1!A:A) -> BLRSBMPRYJAPP01 | W136: 100.112.7.135 | X136: =_xlfn.XLOOKUP(W136,Sheet1!B:B,Sheet1!A:A) -> #N/A | Z136: 100.112.9.135 | AA136: =_xlfn.XLOOKUP(Z136,Sheet1!B:B,Sheet1!A:A) -> #N/A | AB136: 909 VDI | AC136: 100.112.10.135 | AD136: =_xlfn.XLOOKUP(AC136,Sheet1!B:B,Sheet1!A:A) -> #N/A | AE136: 670 New_APP | AF136: 100.112.12.135 | AG136: =_xlfn.XLOOKUP(AF136,Sheet1!B:B,Sheet1!A:A) -> #N/A | AI136: 100.112.26.135 | AJ136: =_xlfn.XLOOKUP(AI136,Sheet1!B:B,Sheet1!A:A) -> #N/A | AL136: 100.112.27.135 | AM136: =_xlfn.XLOOKUP(AL136,Sheet1!B:B,Sheet1!A:A) -> #N/A | AN136: 917 DSD | AO136: 100.112.28.135 | AP136: =_xlfn.XLOOKUP(AO136,Sheet1!B:B,Sheet1!A:A) -> #N/A
A137: 850 SERVICE_CONSOLE | B137: 100.112.0.136 | C137: =_xlfn.XLOOKUP(B137,Sheet1!B:B,Sheet1!A:A) -> blrsbmesx005 | D137: 856 JAP | E137: 100.112.1.136 | F137: =_xlfn.XLOOKUP(E137,Sheet1!B:B,Sheet1!A:A) -> #N/A | G137: 880 APP1 | H137: 100.112.2.136 | I137: =_xlfn.XLOOKUP(H137,Sheet1!B:B,Sheet1!A:A) -> ASA VLAN Standby | J137: NAT_SUB 916 | K137: 100.112.3.136 | L137: =_xlfn.XLOOKUP(K137,Sheet1!B:B,Sheet1!A:A) -> #N/A | M137: 863 UAT-CAP | N137: 100.112.4.136 | O137: =_xlfn.XLOOKUP(N137,Sheet1!B:B,Sheet1!A:A) -> #N/A | P137: 869 UAT_WEB | Q137: 100.112.5.136 | R137: =_xlfn.XLOOKUP(Q137,Sheet1!B:B,Sheet1!A:A) -> BLRSBMUATVAMWEB1 | S137: 910 APP2 | T137: 100.112.6.136 | U137: =_xlfn.XLOOKUP(T137,Sheet1!B:B,Sheet1!A:A) -> BLRSBMPRYJAPP02 | W137: 100.112.7.136 | X137: =_xlfn.XLOOKUP(W137,Sheet1!B:B,Sheet1!A:A) -> #N/A | Z137: 100.112.9.136 | AA137: =_xlfn.XLOOKUP(Z137,Sheet1!B:B,Sheet1!A:A) -> #N/A | AB137: 909 VDI | AC137: 100.112.10.136 | AD137: =_xlfn.XLOOKUP(AC137,Sheet1!B:B,Sheet1!A:A) -> #N/A | AE137: 670 New_APP | AF137: 100.112.12.136 | AG137: =_xlfn.XLOOKUP(AF137,Sheet1!B:B,Sheet1!A:A) -> #N/A | AI137: 100.112.26.136 | AJ137: =_xlfn.XLOOKUP(AI137,Sheet1!B:B,Sheet1!A:A) -> #N/A | AL137: 100.112.27.136 | AM137: =_xlfn.XLOOKUP(AL137,Sheet1!B:B,Sheet1!A:A) -> #N/A | AN137: 917 DSD | AO137: 100.112.28.136 | AP137: =_xlfn.XLOOKUP(AO137,Sheet1!B:B,Sheet1!A:A) -> #N/A
A138: 850 SERVICE_CONSOLE | B138: 100.112.0.137 | C138: =_xlfn.XLOOKUP(B138,Sheet1!B:B,Sheet1!A:A) -> BANSBMHYP001 | D138: 856 JAP | E138: 100.112.1.137 | F138: =_xlfn.XLOOKUP(E138,Sheet1!B:B,Sheet1!A:A) -> #N/A | G138: 880 APP1 | H138: 100.112.2.137 | I138: =_xlfn.XLOOKUP(H138,Sheet1!B:B,Sheet1!A:A) -> BLRSBMAPIAPP01 | J138: NAT_SUB 916 | K138: 100.112.3.137 | L138: =_xlfn.XLOOKUP(K138,Sheet1!B:B,Sheet1!A:A) -> #N/A | M138: 863 UAT-CAP | N138: 100.112.4.137 | O138: =_xlfn.XLOOKUP(N138,Sheet1!B:B,Sheet1!A:A) -> #N/A | P138: 869 UAT_WEB | Q138: 100.112.5.137 | R138: =_xlfn.XLOOKUP(Q138,Sheet1!B:B,Sheet1!A:A) -> BLRSBMUATSCRMWEB | S138: 910 APP2 | T138: 100.112.6.137 | U138: =_xlfn.XLOOKUP(T138,Sheet1!B:B,Sheet1!A:A) -> BLRSBMSCRMAPP01 | W138: 100.112.7.137 | X138: =_xlfn.XLOOKUP(W138,Sheet1!B:B,Sheet1!A:A) -> #N/A | Z138: 100.112.9.137 | AA138: =_xlfn.XLOOKUP(Z138,Sheet1!B:B,Sheet1!A:A) -> #N/A | AB138: 909 VDI | AC138: 100.112.10.137 | AD138: =_xlfn.XLOOKUP(AC138,Sheet1!B:B,Sheet1!A:A) -> #N/A | AE138: 670 New_APP | AF138: 100.112.12.137 | AG138: =_xlfn.XLOOKUP(AF138,Sheet1!B:B,Sheet1!A:A) -> #N/A | AI138: 100.112.26.137 | AJ138: =_xlfn.XLOOKUP(AI138,Sheet1!B:B,Sheet1!A:A) -> #N/A | AL138: 100.112.27.137 | AM138: =_xlfn.XLOOKUP(AL138,Sheet1!B:B,Sheet1!A:A) -> #N/A | AN138: 917 DSD | AO138: 100.112.28.137 | AP138: =_xlfn.XLOOKUP(AO138,Sheet1!B:B,Sheet1!A:A) -> #N/A
A139: 850 SERVICE_CONSOLE | B139: 100.112.0.138 | C139: =_xlfn.XLOOKUP(B139,Sheet1!B:B,Sheet1!A:A) -> blrsbmesx006 | D139: 856 JAP | E139: 100.112.1.138 | F139: =_xlfn.XLOOKUP(E139,Sheet1!B:B,Sheet1!A:A) -> #N/A | G139: 880 APP1 | H139: 100.112.2.138 | I139: =_xlfn.XLOOKUP(H139,Sheet1!B:B,Sheet1!A:A) -> BLRSBMAPIAAPP02 | J139: NAT_SUB 916 | K139: 100.112.3.138 | L139: =_xlfn.XLOOKUP(K139,Sheet1!B:B,Sheet1!A:A) -> #N/A | M139: 863 UAT-CAP | N139: 100.112.4.138 | O139: =_xlfn.XLOOKUP(N139,Sheet1!B:B,Sheet1!A:A) -> #N/A | P139: 869 UAT_WEB | Q139: 100.112.5.138 | R139: =_xlfn.XLOOKUP(Q139,Sheet1!B:B,Sheet1!A:A) -> BLRSBMUATRDAAPP | S139: 910 APP2 | T139: 100.112.6.138 | U139: =_xlfn.XLOOKUP(T139,Sheet1!B:B,Sheet1!A:A) -> BLRSBMSCRMAPP02 | W139: 100.112.7.138 | X139: =_xlfn.XLOOKUP(W139,Sheet1!B:B,Sheet1!A:A) -> #N/A | Z139: 100.112.9.138 | AA139: =_xlfn.XLOOKUP(Z139,Sheet1!B:B,Sheet1!A:A) -> #N/A | AB139: 909 VDI | AC139: 100.112.10.138 | AD139: =_xlfn.XLOOKUP(AC139,Sheet1!B:B,Sheet1!A:A) -> #N/A | AE139: 670 New_APP | AF139: 100.112.12.138 | AG139: =_xlfn.XLOOKUP(AF139,Sheet1!B:B,Sheet1!A:A) -> #N/A | AI139: 100.112.26.138 | AJ139: =_xlfn.XLOOKUP(AI139,Sheet1!B:B,Sheet1!A:A) -> #N/A | AL139: 100.112.27.138 | AM139: =_xlfn.XLOOKUP(AL139,Sheet1!B:B,Sheet1!A:A) -> #N/A | AN139: 917 DSD | AO139: 100.112.28.138 | AP139: =_xlfn.XLOOKUP(AO139,Sheet1!B:B,Sheet1!A:A) -> #N/A
A140: 850 SERVICE_CONSOLE | B140: 100.112.0.139 | C140: =_xlfn.XLOOKUP(B140,Sheet1!B:B,Sheet1!A:A) -> #N/A | D140: 856 JAP | E140: 100.112.1.139 | F140: =_xlfn.XLOOKUP(E140,Sheet1!B:B,Sheet1!A:A) -> #N/A | G140: 880 APP1 | H140: 100.112.2.139 | I140: =_xlfn.XLOOKUP(H140,Sheet1!B:B,Sheet1!A:A) -> BLRSBMSYMSRV01 | J140: NAT_SUB 916 | K140: 100.112.3.139 | L140: =_xlfn.XLOOKUP(K140,Sheet1!B:B,Sheet1!A:A) -> #N/A | M140: 863 UAT-CAP | N140: 100.112.4.139 | O140: =_xlfn.XLOOKUP(N140,Sheet1!B:B,Sheet1!A:A) -> #N/A | P140: 869 UAT_WEB | Q140: 100.112.5.139 | R140: =_xlfn.XLOOKUP(Q140,Sheet1!B:B,Sheet1!A:A) -> BLRSBMUATPPWEB | S140: 910 APP2 | T140: 100.112.6.139 | U140: =_xlfn.XLOOKUP(T140,Sheet1!B:B,Sheet1!A:A) -> #N/A | W140: 100.112.7.139 | X140: =_xlfn.XLOOKUP(W140,Sheet1!B:B,Sheet1!A:A) -> #N/A | Z140: 100.112.9.139 | AA140: =_xlfn.XLOOKUP(Z140,Sheet1!B:B,Sheet1!A:A) -> #N/A | AB140: 909 VDI | AC140: 100.112.10.139 | AD140: =_xlfn.XLOOKUP(AC140,Sheet1!B:B,Sheet1!A:A) -> #N/A | AE140: 670 New_APP | AF140: 100.112.12.139 | AG140: =_xlfn.XLOOKUP(AF140,Sheet1!B:B,Sheet1!A:A) -> #N/A | AI140: 100.112.26.139 | AJ140: =_xlfn.XLOOKUP(AI140,Sheet1!B:B,Sheet1!A:A) -> #N/A | AL140: 100.112.27.139 | AM140: =_xlfn.XLOOKUP(AL140,Sheet1!B:B,Sheet1!A:A) -> #N/A | AN140: 917 DSD | AO140: 100.112.28.139 | AP140: =_xlfn.XLOOKUP(AO140,Sheet1!B:B,Sheet1!A:A) -> #N/A
A141: 850 SERVICE_CONSOLE | B141: 100.112.0.140 | C141: =_xlfn.XLOOKUP(B141,Sheet1!B:B,Sheet1!A:A) -> BANSBMHYP002 | D141: 856 JAP | E141: 100.112.1.140 | F141: =_xlfn.XLOOKUP(E141,Sheet1!B:B,Sheet1!A:A) -> #N/A | G141: 880 APP1 | H141: 100.112.2.140 | I141: =_xlfn.XLOOKUP(H141,Sheet1!B:B,Sheet1!A:A) -> #N/A | J141: NAT_SUB 916 | K141: 100.112.3.140 | L141: =_xlfn.XLOOKUP(K141,Sheet1!B:B,Sheet1!A:A) -> #N/A | M141: 863 UAT-CAP | N141: 100.112.4.140 | O141: =_xlfn.XLOOKUP(N141,Sheet1!B:B,Sheet1!A:A) -> #N/A | P141: 869 UAT_WEB | Q141: 100.112.5.140 | R141: =_xlfn.XLOOKUP(Q141,Sheet1!B:B,Sheet1!A:A) -> BLRSBMUTFRMWEB | S141: 910 APP2 | T141: 100.112.6.140 | U141: =_xlfn.XLOOKUP(T141,Sheet1!B:B,Sheet1!A:A) -> Prayojan_App | W141: 100.112.7.140 | X141: =_xlfn.XLOOKUP(W141,Sheet1!B:B,Sheet1!A:A) -> #N/A | Z141: 100.112.9.140 | AA141: =_xlfn.XLOOKUP(Z141,Sheet1!B:B,Sheet1!A:A) -> #N/A | AB141: 909 VDI | AC141: 100.112.10.140 | AD141: =_xlfn.XLOOKUP(AC141,Sheet1!B:B,Sheet1!A:A) -> #N/A | AE141: 670 New_APP | AF141: 100.112.12.140 | AG141: =_xlfn.XLOOKUP(AF141,Sheet1!B:B,Sheet1!A:A) -> #N/A | AI141: 100.112.26.140 | AJ141: =_xlfn.XLOOKUP(AI141,Sheet1!B:B,Sheet1!A:A) -> #N/A | AL141: 100.112.27.140 | AM141: =_xlfn.XLOOKUP(AL141,Sheet1!B:B,Sheet1!A:A) -> #N/A | AN141: 917 DSD | AO141: 100.112.28.140 | AP141: =_xlfn.XLOOKUP(AO141,Sheet1!B:B,Sheet1!A:A) -> #N/A
... A161: P2P | B161: 100.112.0.160 | C161: =_xlfn.XLOOKUP(B161,Sheet1!B:B,Sheet1!A:A) -> #N/A | D161: 856 JAP | E161: 100.112.1.160 | F161: =_xlfn.XLOOKUP(E161,Sheet1!B:B,Sheet1!A:A) -> #N/A | G161: 880 APP1 | H161: 100.112.2.160 | I161: =_xlfn.XLOOKUP(H161,Sheet1!B:B,Sheet1!A:A) -> FireEye HX | J161: NAT_SUB 916 | K161: 100.112.3.160 | L161: =_xlfn.XLOOKUP(K161,Sheet1!B:B,Sheet1!A:A) -> #N/A | M161: 863 UAT-CAP | N161: 100.112.4.160 | O161: =_xlfn.XLOOKUP(N161,Sheet1!B:B,Sheet1!A:A) -> BLRSBMUATPRYJAPP01 | P161: 869 UAT_WEB | Q161: 100.112.5.160 | R161: =_xlfn.XLOOKUP(Q161,Sheet1!B:B,Sheet1!A:A) -> #N/A | S161: 910 APP2 | T161: 100.112.6.160 | U161: =_xlfn.XLOOKUP(T161,Sheet1!B:B,Sheet1!A:A) -> BLRSBMIVRAPP3 | W161: 100.112.7.160 | X161: =_xlfn.XLOOKUP(W161,Sheet1!B:B,Sheet1!A:A) -> #N/A | Z161: 100.112.9.160 | AA161: =_xlfn.XLOOKUP(Z161,Sheet1!B:B,Sheet1!A:A) -> #N/A | AB161: 909 VDI | AC161: 100.112.10.160 | AD161: =_xlfn.XLOOKUP(AC161,Sheet1!B:B,Sheet1!A:A) -> #N/A | AE161: 670 New_APP | AF161: 100.112.12.160 | AG161: =_xlfn.XLOOKUP(AF161,Sheet1!B:B,Sheet1!A:A) -> #N/A | AI161: 100.112.26.160 | AJ161: =_xlfn.XLOOKUP(AI161,Sheet1!B:B,Sheet1!A:A) -> #N/A | AL161: 100.112.27.160 | AM161: =_xlfn.XLOOKUP(AL161,Sheet1!B:B,Sheet1!A:A) -> #N/A | AN161: 917 DSD | AO161: 100.112.28.160 | AP161: =_xlfn.XLOOKUP(AO161,Sheet1!B:B,Sheet1!A:A) -> #N/A
A162: P2P | B162: 100.112.0.161 | C162: =_xlfn.XLOOKUP(B162,Sheet1!B:B,Sheet1!A:A) -> #N/A | D162: 856 JAP | E162: 100.112.1.161 | F162: =_xlfn.XLOOKUP(E162,Sheet1!B:B,Sheet1!A:A) -> #N/A | G162: 880 APP1 | H162: 100.112.2.161 | I162: =_xlfn.XLOOKUP(H162,Sheet1!B:B,Sheet1!A:A) -> FIreEye HXD | J162: NAT_SUB 916 | K162: 100.112.3.161 | L162: =_xlfn.XLOOKUP(K162,Sheet1!B:B,Sheet1!A:A) -> #N/A | M162: 863 UAT-CAP | N162: 100.112.4.161 | O162: =_xlfn.XLOOKUP(N162,Sheet1!B:B,Sheet1!A:A) -> #N/A | Q162: 100.112.5.161 | R162: =_xlfn.XLOOKUP(Q162,Sheet1!B:B,Sheet1!A:A) -> #N/A | S162: 910 APP2 | T162: 100.112.6.161 | U162: =_xlfn.XLOOKUP(T162,Sheet1!B:B,Sheet1!A:A) -> BLRSBMIVRAPP4 | W162: 100.112.7.161 | X162: =_xlfn.XLOOKUP(W162,Sheet1!B:B,Sheet1!A:A) -> #N/A | Z162: 100.112.9.161 | AA162: =_xlfn.XLOOKUP(Z162,Sheet1!B:B,Sheet1!A:A) -> #N/A | AB162: 909 VDI | AC162: 100.112.10.161 | AD162: =_xlfn.XLOOKUP(AC162,Sheet1!B:B,Sheet1!A:A) -> #N/A | AE162: 670 New_APP | AF162: 100.112.12.161 | AG162: =_xlfn.XLOOKUP(AF162,Sheet1!B:B,Sheet1!A:A) -> #N/A | AI162: 100.112.26.161 | AJ162: =_xlfn.XLOOKUP(AI162,Sheet1!B:B,Sheet1!A:A) -> #N/A | AL162: 100.112.27.161 | AM162: =_xlfn.XLOOKUP(AL162,Sheet1!B:B,Sheet1!A:A) -> #N/A | AN162: 917 DSD | AO162: 100.112.28.161 | AP162: =_xlfn.XLOOKUP(AO162,Sheet1!B:B,Sheet1!A:A) -> #N/A
A163: P2P | B163: 100.112.0.162 | C163: =_xlfn.XLOOKUP(B163,Sheet1!B:B,Sheet1!A:A) -> #N/A | D163: 856 JAP | E163: 100.112.1.162 | F163: =_xlfn.XLOOKUP(E163,Sheet1!B:B,Sheet1!A:A) -> #N/A | G163: 880 APP1 | H163: 100.112.2.162 | I163: =_xlfn.XLOOKUP(H163,Sheet1!B:B,Sheet1!A:A) -> BLRSBMNVSAPP01 | J163: NAT_SUB 916 | K163: 100.112.3.162 | L163: =_xlfn.XLOOKUP(K163,Sheet1!B:B,Sheet1!A:A) -> #N/A | M163: 863 UAT-CAP | N163: 100.112.4.162 | O163: =_xlfn.XLOOKUP(N163,Sheet1!B:B,Sheet1!A:A) -> #N/A | Q163: 100.112.5.162 | R163: =_xlfn.XLOOKUP(Q163,Sheet1!B:B,Sheet1!A:A) -> #N/A | S163: 910 APP2 | T163: 100.112.6.162 | U163: =_xlfn.XLOOKUP(T163,Sheet1!B:B,Sheet1!A:A) -> BLRSBMIVRAPP5 | W163: 100.112.7.162 | X163: =_xlfn.XLOOKUP(W163,Sheet1!B:B,Sheet1!A:A) -> #N/A | Z163: 100.112.9.162 | AA163: =_xlfn.XLOOKUP(Z163,Sheet1!B:B,Sheet1!A:A) -> #N/A | AB163: 909 VDI | AC163: 100.112.10.162 | AD163: =_xlfn.XLOOKUP(AC163,Sheet1!B:B,Sheet1!A:A) -> #N/A | AE163: 670 New_APP | AF163: 100.112.12.162 | AG163: =_xlfn.XLOOKUP(AF163,Sheet1!B:B,Sheet1!A:A) -> #N/A | AI163: 100.112.26.162 | AJ163: =_xlfn.XLOOKUP(AI163,Sheet1!B:B,Sheet1!A:A) -> #N/A | AL163: 100.112.27.162 | AM163: =_xlfn.XLOOKUP(AL163,Sheet1!B:B,Sheet1!A:A) -> #N/A | AN163: 917 DSD | AO163: 100.112.28.162 | AP163: =_xlfn.XLOOKUP(AO163,Sheet1!B:B,Sheet1!A:A) -> #N/A
A164: P2P | B164: 100.112.0.163 | C164: =_xlfn.XLOOKUP(B164,Sheet1!B:B,Sheet1!A:A) -> BNG-MHS-SBM-FW01 | D164: 856 JAP | E164: 100.112.1.163 | F164: =_xlfn.XLOOKUP(E164,Sheet1!B:B,Sheet1!A:A) -> #N/A | G164: 880 APP1 | H164: 100.112.2.163 | I164: =_xlfn.XLOOKUP(H164,Sheet1!B:B,Sheet1!A:A) -> #N/A | J164: NAT_SUB 916 | K164: 100.112.3.163 | L164: =_xlfn.XLOOKUP(K164,Sheet1!B:B,Sheet1!A:A) -> #N/A | M164: 863 UAT-CAP | N164: 100.112.4.163 | O164: =_xlfn.XLOOKUP(N164,Sheet1!B:B,Sheet1!A:A) -> #N/A | Q164: 100.112.5.163 | R164: =_xlfn.XLOOKUP(Q164,Sheet1!B:B,Sheet1!A:A) -> #N/A | S164: 910 APP2 | T164: 100.112.6.163 | U164: =_xlfn.XLOOKUP(T164,Sheet1!B:B,Sheet1!A:A) -> BLRSBMIVRAPP6 | W164: 100.112.7.163 | X164: =_xlfn.XLOOKUP(W164,Sheet1!B:B,Sheet1!A:A) -> #N/A | Z164: 100.112.9.163 | AA164: =_xlfn.XLOOKUP(Z164,Sheet1!B:B,Sheet1!A:A) -> #N/A | AB164: 909 VDI | AC164: 100.112.10.163 | AD164: =_xlfn.XLOOKUP(AC164,Sheet1!B:B,Sheet1!A:A) -> #N/A | AE164: 670 New_APP | AF164: 100.112.12.163 | AG164: =_xlfn.XLOOKUP(AF164,Sheet1!B:B,Sheet1!A:A) -> #N/A | AI164: 100.112.26.163 | AJ164: =_xlfn.XLOOKUP(AI164,Sheet1!B:B,Sheet1!A:A) -> #N/A | AL164: 100.112.27.163 | AM164: =_xlfn.XLOOKUP(AL164,Sheet1!B:B,Sheet1!A:A) -> #N/A | AN164: 917 DSD | AO164: 100.112.28.163 | AP164: =_xlfn.XLOOKUP(AO164,Sheet1!B:B,Sheet1!A:A) -> #N/A
A165: P2P | B165: 100.112.0.164 | C165: =_xlfn.XLOOKUP(B165,Sheet1!B:B,Sheet1!A:A) -> ASA VLAN Standby | D165: 856 JAP | E165: 100.112.1.164 | F165: =_xlfn.XLOOKUP(E165,Sheet1!B:B,Sheet1!A:A) -> #N/A | G165: 880 APP1 | H165: 100.112.2.164 | I165: =_xlfn.XLOOKUP(H165,Sheet1!B:B,Sheet1!A:A) -> BLRSBMACALAPP01 | J165: NAT_SUB 916 | K165: 100.112.3.164 | L165: =_xlfn.XLOOKUP(K165,Sheet1!B:B,Sheet1!A:A) -> #N/A | M165: 863 UAT-CAP | N165: 100.112.4.164 | O165: =_xlfn.XLOOKUP(N165,Sheet1!B:B,Sheet1!A:A) -> #N/A | Q165: 100.112.5.164 | R165: =_xlfn.XLOOKUP(Q165,Sheet1!B:B,Sheet1!A:A) -> #N/A | S165: 910 APP2 | T165: 100.112.6.164 | U165: =_xlfn.XLOOKUP(T165,Sheet1!B:B,Sheet1!A:A) -> BLRSBMIVRAPP7 | W165: 100.112.7.164 | X165: =_xlfn.XLOOKUP(W165,Sheet1!B:B,Sheet1!A:A) -> #N/A | Z165: 100.112.9.164 | AA165: =_xlfn.XLOOKUP(Z165,Sheet1!B:B,Sheet1!A:A) -> #N/A | AB165: 909 VDI | AC165: 100.112.10.164 | AD165: =_xlfn.XLOOKUP(AC165,Sheet1!B:B,Sheet1!A:A) -> #N/A | AE165: 670 New_APP | AF165: 100.112.12.164 | AG165: =_xlfn.XLOOKUP(AF165,Sheet1!B:B,Sheet1!A:A) -> #N/A | AI165: 100.112.26.164 | AJ165: =_xlfn.XLOOKUP(AI165,Sheet1!B:B,Sheet1!A:A) -> #N/A | AL165: 100.112.27.164 | AM165: =_xlfn.XLOOKUP(AL165,Sheet1!B:B,Sheet1!A:A) -> #N/A | AN165: 917 DSD | AO165: 100.112.28.164 | AP165: =_xlfn.XLOOKUP(AO165,Sheet1!B:B,Sheet1!A:A) -> #N/A
A166: P2P | B166: 100.112.0.165 | C166: =_xlfn.XLOOKUP(B166,Sheet1!B:B,Sheet1!A:A) -> #N/A | D166: 856 JAP | E166: 100.112.1.165 | F166: =_xlfn.XLOOKUP(E166,Sheet1!B:B,Sheet1!A:A) -> #N/A | G166: 880 APP1 | H166: 100.112.2.165 | I166: =_xlfn.XLOOKUP(H166,Sheet1!B:B,Sheet1!A:A) -> #N/A | J166: NAT_SUB 916 | K166: 100.112.3.165 | L166: =_xlfn.XLOOKUP(K166,Sheet1!B:B,Sheet1!A:A) -> #N/A | M166: 863 UAT-CAP | N166: 100.112.4.165 | O166: =_xlfn.XLOOKUP(N166,Sheet1!B:B,Sheet1!A:A) -> #N/A | Q166: 100.112.5.165 | R166: =_xlfn.XLOOKUP(Q166,Sheet1!B:B,Sheet1!A:A) -> #N/A | S166: 910 APP2 | T166: 100.112.6.165 | U166: =_xlfn.XLOOKUP(T166,Sheet1!B:B,Sheet1!A:A) -> BLRSBMIVRAPP8 | W166: 100.112.7.165 | X166: =_xlfn.XLOOKUP(W166,Sheet1!B:B,Sheet1!A:A) -> #N/A | Z166: 100.112.9.165 | AA166: =_xlfn.XLOOKUP(Z166,Sheet1!B:B,Sheet1!A:A) -> #N/A | AB166: 909 VDI | AC166: 100.112.10.165 | AD166: =_xlfn.XLOOKUP(AC166,Sheet1!B:B,Sheet1!A:A) -> #N/A | AE166: 670 New_APP | AF166: 100.112.12.165 | AG166: =_xlfn.XLOOKUP(AF166,Sheet1!B:B,Sheet1!A:A) -> #N/A | AI166: 100.112.26.165 | AJ166: =_xlfn.XLOOKUP(AI166,Sheet1!B:B,Sheet1!A:A) -> #N/A | AL166: 100.112.27.165 | AM166: =_xlfn.XLOOKUP(AL166,Sheet1!B:B,Sheet1!A:A) -> #N/A | AN166: 917 DSD | AO166: 100.112.28.165 | AP166: =_xlfn.XLOOKUP(AO166,Sheet1!B:B,Sheet1!A:A) -> #N/A
A167: P2P | B167: 100.112.0.166 | C167: =_xlfn.XLOOKUP(B167,Sheet1!B:B,Sheet1!A:A) -> #N/A | D167: 856 JAP | E167: 100.112.1.166 | F167: =_xlfn.XLOOKUP(E167,Sheet1!B:B,Sheet1!A:A) -> #N/A | G167: 880 APP1 | H167: 100.112.2.166 | I167: =_xlfn.XLOOKUP(H167,Sheet1!B:B,Sheet1!A:A) -> #N/A | J167: NAT_SUB 916 | K167: 100.112.3.166 | L167: =_xlfn.XLOOKUP(K167,Sheet1!B:B,Sheet1!A:A) -> #N/A | M167: 863 UAT-CAP | N167: 100.112.4.166 | O167: =_xlfn.XLOOKUP(N167,Sheet1!B:B,Sheet1!A:A) -> #N/A | Q167: 100.112.5.166 | R167: =_xlfn.XLOOKUP(Q167,Sheet1!B:B,Sheet1!A:A) -> #N/A | S167: 910 APP2 | T167: 100.112.6.166 | U167: =_xlfn.XLOOKUP(T167,Sheet1!B:B,Sheet1!A:A) -> BLRSBMIVRAPP9 | W167: 100.112.7.166 | X167: =_xlfn.XLOOKUP(W167,Sheet1!B:B,Sheet1!A:A) -> #N/A | Z167: 100.112.9.166 | AA167: =_xlfn.XLOOKUP(Z167,Sheet1!B:B,Sheet1!A:A) -> #N/A | AB167: 909 VDI | AC167: 100.112.10.166 | AD167: =_xlfn.XLOOKUP(AC167,Sheet1!B:B,Sheet1!A:A) -> #N/A | AE167: 670 New_APP | AF167: 100.112.12.166 | AG167: =_xlfn.XLOOKUP(AF167,Sheet1!B:B,Sheet1!A:A) -> #N/A | AI167: 100.112.26.166 | AJ167: =_xlfn.XLOOKUP(AI167,Sheet1!B:B,Sheet1!A:A) -> #N/A | AL167: 100.112.27.166 | AM167: =_xlfn.XLOOKUP(AL167,Sheet1!B:B,Sheet1!A:A) -> #N/A | AN167: 917 DSD | AO167: 100.112.28.166 | AP167: =_xlfn.XLOOKUP(AO167,Sheet1!B:B,Sheet1!A:A) -> #N/A
B168: 100.112.0.167 | C168: =_xlfn.XLOOKUP(B168,Sheet1!B:B,Sheet1!A:A) -> #N/A | D168: 856 JAP | E168: 100.112.1.167 | F168: =_xlfn.XLOOKUP(E168,Sheet1!B:B,Sheet1!A:A) -> #N/A | G168: 880 APP1 | H168: 100.112.2.167 | I168: =_xlfn.XLOOKUP(H168,Sheet1!B:B,Sheet1!A:A) -> #N/A | J168: NAT_SUB 916 | K168: 100.112.3.167 | L168: =_xlfn.XLOOKUP(K168,Sheet1!B:B,Sheet1!A:A) -> #N/A | M168: 863 UAT-CAP | N168: 100.112.4.167 | O168: =_xlfn.XLOOKUP(N168,Sheet1!B:B,Sheet1!A:A) -> #N/A | Q168: 100.112.5.167 | R168: =_xlfn.XLOOKUP(Q168,Sheet1!B:B,Sheet1!A:A) -> #N/A | S168: 910 APP2 | T168: 100.112.6.167 | U168: =_xlfn.XLOOKUP(T168,Sheet1!B:B,Sheet1!A:A) -> BLRSBMIVRAPP10 | W168: 100.112.7.167 | X168: =_xlfn.XLOOKUP(W168,Sheet1!B:B,Sheet1!A:A) -> #N/A | Z168: 100.112.9.167 | AA168: =_xlfn.XLOOKUP(Z168,Sheet1!B:B,Sheet1!A:A) -> #N/A | AB168: 909 VDI | AC168: 100.112.10.167 | AD168: =_xlfn.XLOOKUP(AC168,Sheet1!B:B,Sheet1!A:A) -> #N/A | AE168: 670 New_APP | AF168: 100.112.12.167 | AG168: =_xlfn.XLOOKUP(AF168,Sheet1!B:B,Sheet1!A:A) -> #N/A | AI168: 100.112.26.167 | AJ168: =_xlfn.XLOOKUP(AI168,Sheet1!B:B,Sheet1!A:A) -> #N/A | AL168: 100.112.27.167 | AM168: =_xlfn.XLOOKUP(AL168,Sheet1!B:B,Sheet1!A:A) -> #N/A | AN168: 917 DSD | AO168: 100.112.28.167 | AP168: =_xlfn.XLOOKUP(AO168,Sheet1!B:B,Sheet1!A:A) -> #N/A
B169: 100.112.0.168 | C169: =_xlfn.XLOOKUP(B169,Sheet1!B:B,Sheet1!A:A) -> #N/A | D169: 856 JAP | E169: 100.112.1.168 | F169: =_xlfn.XLOOKUP(E169,Sheet1!B:B,Sheet1!A:A) -> #N/A | G169: 880 APP1 | H169: 100.112.2.168 | I169: =_xlfn.XLOOKUP(H169,Sheet1!B:B,Sheet1!A:A) -> #N/A | J169: NAT_SUB 916 | K169: 100.112.3.168 | L169: =_xlfn.XLOOKUP(K169,Sheet1!B:B,Sheet1!A:A) -> #N/A | M169: 863 UAT-CAP | N169: 100.112.4.168 | O169: =_xlfn.XLOOKUP(N169,Sheet1!B:B,Sheet1!A:A) -> #N/A | Q169: 100.112.5.168 | R169: =_xlfn.XLOOKUP(Q169,Sheet1!B:B,Sheet1!A:A) -> #N/A | S169: 910 APP2 | T169: 100.112.6.168 | U169: =_xlfn.XLOOKUP(T169,Sheet1!B:B,Sheet1!A:A) -> BLRSBMIVRAPP11 | W169: 100.112.7.168 | X169: =_xlfn.XLOOKUP(W169,Sheet1!B:B,Sheet1!A:A) -> #N/A | Z169: 100.112.9.168 | AA169: =_xlfn.XLOOKUP(Z169,Sheet1!B:B,Sheet1!A:A) -> #N/A | AB169: 909 VDI | AC169: 100.112.10.168 | AD169: =_xlfn.XLOOKUP(AC169,Sheet1!B:B,Sheet1!A:A) -> #N/A | AE169: 670 New_APP | AF169: 100.112.12.168 | AG169: =_xlfn.XLOOKUP(AF169,Sheet1!B:B,Sheet1!A:A) -> #N/A | AI169: 100.112.26.168 | AJ169: =_xlfn.XLOOKUP(AI169,Sheet1!B:B,Sheet1!A:A) -> #N/A | AL169: 100.112.27.168 | AM169: =_xlfn.XLOOKUP(AL169,Sheet1!B:B,Sheet1!A:A) -> #N/A | AN169: 917 DSD | AO169: 100.112.28.168 | AP169: =_xlfn.XLOOKUP(AO169,Sheet1!B:B,Sheet1!A:A) -> #N/A
B170: 100.112.0.169 | C170: =_xlfn.XLOOKUP(B170,Sheet1!B:B,Sheet1!A:A) -> #N/A | D170: 856 JAP | E170: 100.112.1.169 | F170: =_xlfn.XLOOKUP(E170,Sheet1!B:B,Sheet1!A:A) -> #N/A | G170: 880 APP1 | H170: 100.112.2.169 | I170: =_xlfn.XLOOKUP(H170,Sheet1!B:B,Sheet1!A:A) -> #N/A | J170: NAT_SUB 916 | K170: 100.112.3.169 | L170: =_xlfn.XLOOKUP(K170,Sheet1!B:B,Sheet1!A:A) -> #N/A | M170: 863 UAT-CAP | N170: 100.112.4.169 | O170: =_xlfn.XLOOKUP(N170,Sheet1!B:B,Sheet1!A:A) -> #N/A | Q170: 100.112.5.169 | R170: =_xlfn.XLOOKUP(Q170,Sheet1!B:B,Sheet1!A:A) -> #N/A | S170: 910 APP2 | T170: 100.112.6.169 | U170: =_xlfn.XLOOKUP(T170,Sheet1!B:B,Sheet1!A:A) -> BLRSBMIVRAPP12 | W170: 100.112.7.169 | X170: =_xlfn.XLOOKUP(W170,Sheet1!B:B,Sheet1!A:A) -> #N/A | Z170: 100.112.9.169 | AA170: =_xlfn.XLOOKUP(Z170,Sheet1!B:B,Sheet1!A:A) -> #N/A | AB170: 909 VDI | AC170: 100.112.10.169 | AD170: =_xlfn.XLOOKUP(AC170,Sheet1!B:B,Sheet1!A:A) -> #N/A | AE170: 670 New_APP | AF170: 100.112.12.169 | AG170: =_xlfn.XLOOKUP(AF170,Sheet1!B:B,Sheet1!A:A) -> #N/A | AI170: 100.112.26.169 | AJ170: =_xlfn.XLOOKUP(AI170,Sheet1!B:B,Sheet1!A:A) -> #N/A | AL170: 100.112.27.169 | AM170: =_xlfn.XLOOKUP(AL170,Sheet1!B:B,Sheet1!A:A) -> #N/A | AN170: 917 DSD | AO170: 100.112.28.169 | AP170: =_xlfn.XLOOKUP(AO170,Sheet1!B:B,Sheet1!A:A) -> #N/A
B171: 100.112.0.170 | C171: =_xlfn.XLOOKUP(B171,Sheet1!B:B,Sheet1!A:A) -> #N/A | D171: 856 JAP | E171: 100.112.1.170 | F171: =_xlfn.XLOOKUP(E171,Sheet1!B:B,Sheet1!A:A) -> #N/A | G171: 880 APP1 | H171: 100.112.2.170 | I171: =_xlfn.XLOOKUP(H171,Sheet1!B:B,Sheet1!A:A) -> BLRSBMAPPSYNC | J171: NAT_SUB 916 | K171: 100.112.3.170 | L171: =_xlfn.XLOOKUP(K171,Sheet1!B:B,Sheet1!A:A) -> #N/A | M171: 863 UAT-CAP | N171: 100.112.4.170 | O171: =_xlfn.XLOOKUP(N171,Sheet1!B:B,Sheet1!A:A) -> #N/A | Q171: 100.112.5.170 | R171: =_xlfn.XLOOKUP(Q171,Sheet1!B:B,Sheet1!A:A) -> #N/A | S171: 910 APP2 | T171: 100.112.6.170 | U171: =_xlfn.XLOOKUP(T171,Sheet1!B:B,Sheet1!A:A) -> BLRSBMNACRDS | W171: 100.112.7.170 | X171: =_xlfn.XLOOKUP(W171,Sheet1!B:B,Sheet1!A:A) -> #N/A | Z171: 100.112.9.170 | AA171: =_xlfn.XLOOKUP(Z171,Sheet1!B:B,Sheet1!A:A) -> #N/A | AB171: 909 VDI | AC171: 100.112.10.170 | AD171: =_xlfn.XLOOKUP(AC171,Sheet1!B:B,Sheet1!A:A) -> #N/A | AE171: 670 New_APP | AF171: 100.112.12.170 | AG171: =_xlfn.XLOOKUP(AF171,Sheet1!B:B,Sheet1!A:A) -> #N/A | AI171: 100.112.26.170 | AJ171: =_xlfn.XLOOKUP(AI171,Sheet1!B:B,Sheet1!A:A) -> #N/A | AL171: 100.112.27.170 | AM171: =_xlfn.XLOOKUP(AL171,Sheet1!B:B,Sheet1!A:A) -> #N/A | AN171: 917 DSD | AO171: 100.112.28.170 | AP171: =_xlfn.XLOOKUP(AO171,Sheet1!B:B,Sheet1!A:A) -> #N/A
B172: 100.112.0.171 | C172: =_xlfn.XLOOKUP(B172,Sheet1!B:B,Sheet1!A:A) -> #N/A | D172: 856 JAP | E172: 100.112.1.171 | F172: =_xlfn.XLOOKUP(E172,Sheet1!B:B,Sheet1!A:A) -> #N/A | G172: 880 APP1 | H172: 100.112.2.171 | I172: =_xlfn.XLOOKUP(H172,Sheet1!B:B,Sheet1!A:A) -> BLRSBMICRAPP01 | J172: NAT_SUB 916 | K172: 100.112.3.171 | L172: =_xlfn.XLOOKUP(K172,Sheet1!B:B,Sheet1!A:A) -> #N/A | M172: 863 UAT-CAP | N172: 100.112.4.171 | O172: =_xlfn.XLOOKUP(N172,Sheet1!B:B,Sheet1!A:A) -> #N/A | Q172: 100.112.5.171 | R172: =_xlfn.XLOOKUP(Q172,Sheet1!B:B,Sheet1!A:A) -> #N/A | S172: 910 APP2 | T172: 100.112.6.171 | U172: =_xlfn.XLOOKUP(T172,Sheet1!B:B,Sheet1!A:A) -> BLRSBMWEB3 | W172: 100.112.7.171 | X172: =_xlfn.XLOOKUP(W172,Sheet1!B:B,Sheet1!A:A) -> #N/A | Z172: 100.112.9.171 | AA172: =_xlfn.XLOOKUP(Z172,Sheet1!B:B,Sheet1!A:A) -> #N/A | AB172: 909 VDI | AC172: 100.112.10.171 | AD172: =_xlfn.XLOOKUP(AC172,Sheet1!B:B,Sheet1!A:A) -> #N/A | AE172: 670 New_APP | AF172: 100.112.12.171 | AG172: =_xlfn.XLOOKUP(AF172,Sheet1!B:B,Sheet1!A:A) -> #N/A | AI172: 100.112.26.171 | AJ172: =_xlfn.XLOOKUP(AI172,Sheet1!B:B,Sheet1!A:A) -> #N/A | AL172: 100.112.27.171 | AM172: =_xlfn.XLOOKUP(AL172,Sheet1!B:B,Sheet1!A:A) -> #N/A | AN172: 917 DSD | AO172: 100.112.28.171 | AP172: =_xlfn.XLOOKUP(AO172,Sheet1!B:B,Sheet1!A:A) -> #N/A
B173: 100.112.0.172 | C173: =_xlfn.XLOOKUP(B173,Sheet1!B:B,Sheet1!A:A) -> #N/A | D173: 856 JAP | E173: 100.112.1.172 | F173: =_xlfn.XLOOKUP(E173,Sheet1!B:B,Sheet1!A:A) -> #N/A | G173: 880 APP1 | H173: 100.112.2.172 | I173: =_xlfn.XLOOKUP(H173,Sheet1!B:B,Sheet1!A:A) -> #N/A | J173: NAT_SUB 916 | K173: 100.112.3.172 | L173: =_xlfn.XLOOKUP(K173,Sheet1!B:B,Sheet1!A:A) -> #N/A | M173: 863 UAT-CAP | N173: 100.112.4.172 | O173: =_xlfn.XLOOKUP(N173,Sheet1!B:B,Sheet1!A:A) -> #N/A | Q173: 100.112.5.172 | R173: =_xlfn.XLOOKUP(Q173,Sheet1!B:B,Sheet1!A:A) -> #N/A | S173: 910 APP2 | T173: 100.112.6.172 | U173: =_xlfn.XLOOKUP(T173,Sheet1!B:B,Sheet1!A:A) -> BLRSBMALMAPP | W173: 100.112.7.172 | X173: =_xlfn.XLOOKUP(W173,Sheet1!B:B,Sheet1!A:A) -> #N/A | Z173: 100.112.9.172 | AA173: =_xlfn.XLOOKUP(Z173,Sheet1!B:B,Sheet1!A:A) -> #N/A | AB173: 909 VDI | AC173: 100.112.10.172 | AD173: =_xlfn.XLOOKUP(AC173,Sheet1!B:B,Sheet1!A:A) -> #N/A | AE173: 670 New_APP | AF173: 100.112.12.172 | AG173: =_xlfn.XLOOKUP(AF173,Sheet1!B:B,Sheet1!A:A) -> #N/A | AI173: 100.112.26.172 | AJ173: =_xlfn.XLOOKUP(AI173,Sheet1!B:B,Sheet1!A:A) -> #N/A | AL173: 100.112.27.172 | AM173: =_xlfn.XLOOKUP(AL173,Sheet1!B:B,Sheet1!A:A) -> #N/A | AN173: 917 DSD | AO173: 100.112.28.172 | AP173: =_xlfn.XLOOKUP(AO173,Sheet1!B:B,Sheet1!A:A) -> #N/A
B174: 100.112.0.173 | C174: =_xlfn.XLOOKUP(B174,Sheet1!B:B,Sheet1!A:A) -> #N/A | D174: 856 JAP | E174: 100.112.1.173 | F174: =_xlfn.XLOOKUP(E174,Sheet1!B:B,Sheet1!A:A) -> #N/A | G174: 880 APP1 | H174: 100.112.2.173 | I174: =_xlfn.XLOOKUP(H174,Sheet1!B:B,Sheet1!A:A) -> #N/A | J174: NAT_SUB 916 | K174: 100.112.3.173 | L174: =_xlfn.XLOOKUP(K174,Sheet1!B:B,Sheet1!A:A) -> #N/A | M174: 863 UAT-CAP | N174: 100.112.4.173 | O174: =_xlfn.XLOOKUP(N174,Sheet1!B:B,Sheet1!A:A) -> #N/A | Q174: 100.112.5.173 | R174: =_xlfn.XLOOKUP(Q174,Sheet1!B:B,Sheet1!A:A) -> #N/A | S174: 910 APP2 | T174: 100.112.6.173 | U174: =_xlfn.XLOOKUP(T174,Sheet1!B:B,Sheet1!A:A) -> BLRSBMFRMAPP | W174: 100.112.7.173 | X174: =_xlfn.XLOOKUP(W174,Sheet1!B:B,Sheet1!A:A) -> #N/A | Z174: 100.112.9.173 | AA174: =_xlfn.XLOOKUP(Z174,Sheet1!B:B,Sheet1!A:A) -> #N/A | AB174: 909 VDI | AC174: 100.112.10.173 | AD174: =_xlfn.XLOOKUP(AC174,Sheet1!B:B,Sheet1!A:A) -> #N/A | AE174: 670 New_APP | AF174: 100.112.12.173 | AG174: =_xlfn.XLOOKUP(AF174,Sheet1!B:B,Sheet1!A:A) -> #N/A | AI174: 100.112.26.173 | AJ174: =_xlfn.XLOOKUP(AI174,Sheet1!B:B,Sheet1!A:A) -> #N/A | AL174: 100.112.27.173 | AM174: =_xlfn.XLOOKUP(AL174,Sheet1!B:B,Sheet1!A:A) -> #N/A | AN174: 917 DSD | AO174: 100.112.28.173 | AP174: =_xlfn.XLOOKUP(AO174,Sheet1!B:B,Sheet1!A:A) -> #N/A
B175: 100.112.0.174 | C175: =_xlfn.XLOOKUP(B175,Sheet1!B:B,Sheet1!A:A) -> #N/A | D175: 856 JAP | E175: 100.112.1.174 | F175: =_xlfn.XLOOKUP(E175,Sheet1!B:B,Sheet1!A:A) -> #N/A | G175: 880 APP1 | H175: 100.112.2.174 | I175: =_xlfn.XLOOKUP(H175,Sheet1!B:B,Sheet1!A:A) -> #N/A | J175: NAT_SUB 916 | K175: 100.112.3.174 | L175: =_xlfn.XLOOKUP(K175,Sheet1!B:B,Sheet1!A:A) -> #N/A | M175: 863 UAT-CAP | N175: 100.112.4.174 | O175: =_xlfn.XLOOKUP(N175,Sheet1!B:B,Sheet1!A:A) -> #N/A | Q175: 100.112.5.174 | R175: =_xlfn.XLOOKUP(Q175,Sheet1!B:B,Sheet1!A:A) -> #N/A | S175: 910 APP2 | T175: 100.112.6.174 | U175: =_xlfn.XLOOKUP(T175,Sheet1!B:B,Sheet1!A:A) -> BLRSBMIVRAVC | W175: 100.112.7.174 | X175: =_xlfn.XLOOKUP(W175,Sheet1!B:B,Sheet1!A:A) -> #N/A | Z175: 100.112.9.174 | AA175: =_xlfn.XLOOKUP(Z175,Sheet1!B:B,Sheet1!A:A) -> #N/A | AB175: 909 VDI | AC175: 100.112.10.174 | AD175: =_xlfn.XLOOKUP(AC175,Sheet1!B:B,Sheet1!A:A) -> #N/A | AE175: 670 New_APP | AF175: 100.112.12.174 | AG175: =_xlfn.XLOOKUP(AF175,Sheet1!B:B,Sheet1!A:A) -> #N/A | AI175: 100.112.26.174 | AJ175: =_xlfn.XLOOKUP(AI175,Sheet1!B:B,Sheet1!A:A) -> #N/A | AL175: 100.112.27.174 | AM175: =_xlfn.XLOOKUP(AL175,Sheet1!B:B,Sheet1!A:A) -> #N/A | AN175: 917 DSD | AO175: 100.112.28.174 | AP175: =_xlfn.XLOOKUP(AO175,Sheet1!B:B,Sheet1!A:A) -> #N/A
B176: 100.112.0.175 | C176: =_xlfn.XLOOKUP(B176,Sheet1!B:B,Sheet1!A:A) -> #N/A | D176: 856 JAP | E176: 100.112.1.175 | F176: =_xlfn.XLOOKUP(E176,Sheet1!B:B,Sheet1!A:A) -> #N/A | G176: 880 APP1 | H176: 100.112.2.175 | I176: =_xlfn.XLOOKUP(H176,Sheet1!B:B,Sheet1!A:A) -> #N/A | J176: NAT_SUB 916 | K176: 100.112.3.175 | L176: =_xlfn.XLOOKUP(K176,Sheet1!B:B,Sheet1!A:A) -> #N/A | M176: 863 UAT-CAP | N176: 100.112.4.175 | O176: =_xlfn.XLOOKUP(N176,Sheet1!B:B,Sheet1!A:A) -> #N/A | Q176: 100.112.5.175 | R176: =_xlfn.XLOOKUP(Q176,Sheet1!B:B,Sheet1!A:A) -> #N/A | S176: 910 APP2 | T176: 100.112.6.175 | U176: =_xlfn.XLOOKUP(T176,Sheet1!B:B,Sheet1!A:A) -> IVR_SIP_DR | W176: 100.112.7.175 | X176: =_xlfn.XLOOKUP(W176,Sheet1!B:B,Sheet1!A:A) -> #N/A | Z176: 100.112.9.175 | AA176: =_xlfn.XLOOKUP(Z176,Sheet1!B:B,Sheet1!A:A) -> #N/A | AB176: 909 VDI | AC176: 100.112.10.175 | AD176: =_xlfn.XLOOKUP(AC176,Sheet1!B:B,Sheet1!A:A) -> #N/A | AE176: 670 New_APP | AF176: 100.112.12.175 | AG176: =_xlfn.XLOOKUP(AF176,Sheet1!B:B,Sheet1!A:A) -> #N/A | AI176: 100.112.26.175 | AJ176: =_xlfn.XLOOKUP(AI176,Sheet1!B:B,Sheet1!A:A) -> #N/A | AL176: 100.112.27.175 | AM176: =_xlfn.XLOOKUP(AL176,Sheet1!B:B,Sheet1!A:A) -> #N/A | AN176: 917 DSD | AO176: 100.112.28.175 | AP176: =_xlfn.XLOOKUP(AO176,Sheet1!B:B,Sheet1!A:A) -> #N/A
B177: 100.112.0.176 | C177: =_xlfn.XLOOKUP(B177,Sheet1!B:B,Sheet1!A:A) -> #N/A | D177: 856 JAP | E177: 100.112.1.176 | F177: =_xlfn.XLOOKUP(E177,Sheet1!B:B,Sheet1!A:A) -> #N/A | G177: 880 APP1 | H177: 100.112.2.176 | I177: =_xlfn.XLOOKUP(H177,Sheet1!B:B,Sheet1!A:A) -> #N/A | J177: NAT_SUB 916 | K177: 100.112.3.176 | L177: =_xlfn.XLOOKUP(K177,Sheet1!B:B,Sheet1!A:A) -> #N/A | M177: 863 UAT-CAP | N177: 100.112.4.176 | O177: =_xlfn.XLOOKUP(N177,Sheet1!B:B,Sheet1!A:A) -> #N/A | Q177: 100.112.5.176 | R177: =_xlfn.XLOOKUP(Q177,Sheet1!B:B,Sheet1!A:A) -> #N/A | S177: 910 APP2 | T177: 100.112.6.176 | U177: =_xlfn.XLOOKUP(T177,Sheet1!B:B,Sheet1!A:A) -> IVR_SIP_AVCODEC | W177: 100.112.7.176 | X177: =_xlfn.XLOOKUP(W177,Sheet1!B:B,Sheet1!A:A) -> #N/A | Z177: 100.112.9.176 | AA177: =_xlfn.XLOOKUP(Z177,Sheet1!B:B,Sheet1!A:A) -> #N/A | AB177: 909 VDI | AC177: 100.112.10.176 | AD177: =_xlfn.XLOOKUP(AC177,Sheet1!B:B,Sheet1!A:A) -> #N/A | AE177: 670 New_APP | AF177: 100.112.12.176 | AG177: =_xlfn.XLOOKUP(AF177,Sheet1!B:B,Sheet1!A:A) -> #N/A | AI177: 100.112.26.176 | AJ177: =_xlfn.XLOOKUP(AI177,Sheet1!B:B,Sheet1!A:A) -> #N/A | AL177: 100.112.27.176 | AM177: =_xlfn.XLOOKUP(AL177,Sheet1!B:B,Sheet1!A:A) -> #N/A | AN177: 917 DSD | AO177: 100.112.28.176 | AP177: =_xlfn.XLOOKUP(AO177,Sheet1!B:B,Sheet1!A:A) -> #N/A
B178: 100.112.0.177 | C178: =_xlfn.XLOOKUP(B178,Sheet1!B:B,Sheet1!A:A) -> #N/A | D178: 856 JAP | E178: 100.112.1.177 | F178: =_xlfn.XLOOKUP(E178,Sheet1!B:B,Sheet1!A:A) -> #N/A | G178: 880 APP1 | H178: 100.112.2.177 | I178: =_xlfn.XLOOKUP(H178,Sheet1!B:B,Sheet1!A:A) -> #N/A | J178: NAT_SUB 916 | K178: 100.112.3.177 | L178: =_xlfn.XLOOKUP(K178,Sheet1!B:B,Sheet1!A:A) -> #N/A | M178: 863 UAT-CAP | N178: 100.112.4.177 | O178: =_xlfn.XLOOKUP(N178,Sheet1!B:B,Sheet1!A:A) -> #N/A | Q178: 100.112.5.177 | R178: =_xlfn.XLOOKUP(Q178,Sheet1!B:B,Sheet1!A:A) -> #N/A | S178: 910 APP2 | T178: 100.112.6.177 | U178: =_xlfn.XLOOKUP(T178,Sheet1!B:B,Sheet1!A:A) -> #N/A | W178: 100.112.7.177 | X178: =_xlfn.XLOOKUP(W178,Sheet1!B:B,Sheet1!A:A) -> #N/A | Z178: 100.112.9.177 | AA178: =_xlfn.XLOOKUP(Z178,Sheet1!B:B,Sheet1!A:A) -> #N/A | AB178: 909 VDI | AC178: 100.112.10.177 | AD178: =_xlfn.XLOOKUP(AC178,Sheet1!B:B,Sheet1!A:A) -> #N/A | AE178: 670 New_APP | AF178: 100.112.12.177 | AG178: =_xlfn.XLOOKUP(AF178,Sheet1!B:B,Sheet1!A:A) -> #N/A | AI178: 100.112.26.177 | AJ178: =_xlfn.XLOOKUP(AI178,Sheet1!B:B,Sheet1!A:A) -> #N/A | AL178: 100.112.27.177 | AM178: =_xlfn.XLOOKUP(AL178,Sheet1!B:B,Sheet1!A:A) -> #N/A | AN178: 917 DSD | AO178: 100.112.28.177 | AP178: =_xlfn.XLOOKUP(AO178,Sheet1!B:B,Sheet1!A:A) -> #N/A
B179: 100.112.0.178 | C179: =_xlfn.XLOOKUP(B179,Sheet1!B:B,Sheet1!A:A) -> #N/A | D179: 856 JAP | E179: 100.112.1.178 | F179: =_xlfn.XLOOKUP(E179,Sheet1!B:B,Sheet1!A:A) -> #N/A | G179: 880 APP1 | H179: 100.112.2.178 | I179: =_xlfn.XLOOKUP(H179,Sheet1!B:B,Sheet1!A:A) -> #N/A | J179: NAT_SUB 916 | K179: 100.112.3.178 | L179: =_xlfn.XLOOKUP(K179,Sheet1!B:B,Sheet1!A:A) -> #N/A | M179: 863 UAT-CAP | N179: 100.112.4.178 | O179: =_xlfn.XLOOKUP(N179,Sheet1!B:B,Sheet1!A:A) -> #N/A | Q179: 100.112.5.178 | R179: =_xlfn.XLOOKUP(Q179,Sheet1!B:B,Sheet1!A:A) -> #N/A | S179: 910 APP2 | T179: 100.112.6.178 | U179: =_xlfn.XLOOKUP(T179,Sheet1!B:B,Sheet1!A:A) -> #N/A | W179: 100.112.7.178 | X179: =_xlfn.XLOOKUP(W179,Sheet1!B:B,Sheet1!A:A) -> #N/A | Z179: 100.112.9.178 | AA179: =_xlfn.XLOOKUP(Z179,Sheet1!B:B,Sheet1!A:A) -> #N/A | AB179: 909 VDI | AC179: 100.112.10.178 | AD179: =_xlfn.XLOOKUP(AC179,Sheet1!B:B,Sheet1!A:A) -> #N/A | AE179: 670 New_APP | AF179: 100.112.12.178 | AG179: =_xlfn.XLOOKUP(AF179,Sheet1!B:B,Sheet1!A:A) -> #N/A | AI179: 100.112.26.178 | AJ179: =_xlfn.XLOOKUP(AI179,Sheet1!B:B,Sheet1!A:A) -> #N/A | AL179: 100.112.27.178 | AM179: =_xlfn.XLOOKUP(AL179,Sheet1!B:B,Sheet1!A:A) -> #N/A | AN179: 917 DSD | AO179: 100.112.28.178 | AP179: =_xlfn.XLOOKUP(AO179,Sheet1!B:B,Sheet1!A:A) -> #N/A
...

Sheet DC
A1: VLAN | B1: IP Address | C1: Hostname | D1: VLAN | E1: IP Address | F1: Hostname | G1: VLAN | H1: IP Address | I1: Hostname | J1: VLAN | K1: IP Address | L1: Hostname | M1: VLAN | N1: IP Address | O1: Hostname | P1: VLAN | Q1: IP Address | R1: Hostname | S1: VLAN | T1: IP Address | U1: Hostname | V1: VLAN | W1: IP Address | X1: Hostname | Y1: VLAN | Z1: IP Address | AA1: Hostname | AB1: VLAN | AC1: IP Address | AD1: Hostname
A2: Service Console 850 | B2: 100.121.16.1 | C2: =_xlfn.XLOOKUP(B2,Sheet1!B:B,Sheet1!A:A) -> vlan 850 | D2: Web-1 857 | E2: 100.121.17.1 | F2: =_xlfn.XLOOKUP(E2,Sheet1!B:B,Sheet1!A:A) -> vlan 857 | H2: 100.121.18.1 | I2: =_xlfn.XLOOKUP(H2,Sheet1!B:B,Sheet1!A:A) -> #N/A | J2: VDI_APP 847 | K2: 100.121.19.1 | L2: =_xlfn.XLOOKUP(K2,Sheet1!B:B,Sheet1!A:A) -> #N/A | M2: VDI_DHCP 891 | N2: 100.121.20.1 | O2: =_xlfn.XLOOKUP(N2,Sheet1!B:B,Sheet1!A:A) -> #N/A | Q2: 100.121.21.1 | R2: =_xlfn.XLOOKUP(Q2,Sheet1!B:B,Sheet1!A:A) -> #N/A | S2: APP2 901 | T2: 100.121.23.1 | U2: =_xlfn.XLOOKUP(T2,Sheet1!B:B,Sheet1!A:A) -> vlan 901 | V2: Proxy_to_Int | W2: 100.121.25.1 | X2: =_xlfn.XLOOKUP(W2,Sheet1!B:B,Sheet1!A:A) -> #N/A | Y2: DSD 905 | Z2: 100.121.28.1 | AA2: =_xlfn.XLOOKUP(Z2,Sheet1!B:B,Sheet1!A:A) -> DC_ASA Firewall1 | AB2: NAT_SUB 908 | AC2: 100.121.29.1 | AD2: =_xlfn.XLOOKUP(AC2,Sheet1!B:B,Sheet1!A:A) -> #N/A
A3: Service Console 850 | B3: 100.121.16.2 | C3: =_xlfn.XLOOKUP(B3,Sheet1!B:B,Sheet1!A:A) -> vlan 850_standby | D3: Web-1 857 | E3: 100.121.17.2 | F3: =_xlfn.XLOOKUP(E3,Sheet1!B:B,Sheet1!A:A) -> vlan 857_standby | H3: 100.121.18.2 | I3: =_xlfn.XLOOKUP(H3,Sheet1!B:B,Sheet1!A:A) -> #N/A | J3: VDI_APP 847 | K3: 100.121.19.2 | L3: =_xlfn.XLOOKUP(K3,Sheet1!B:B,Sheet1!A:A) -> MUMSBMVDIHCS01 | M3: VDI_DHCP 891 | N3: 100.121.20.2 | O3: =_xlfn.XLOOKUP(N3,Sheet1!B:B,Sheet1!A:A) -> #N/A | Q3: 100.121.21.2 | R3: =_xlfn.XLOOKUP(Q3,Sheet1!B:B,Sheet1!A:A) -> #N/A | S3: APP2 901 | T3: 100.121.23.2 | U3: =_xlfn.XLOOKUP(T3,Sheet1!B:B,Sheet1!A:A) -> vlan 901_standby | V3: Proxy_to_Int | W3: 100.121.25.2 | X3: =_xlfn.XLOOKUP(W3,Sheet1!B:B,Sheet1!A:A) -> #N/A | Y3: DSD 905 | Z3: 100.121.28.2 | AA3: =_xlfn.XLOOKUP(Z3,Sheet1!B:B,Sheet1!A:A) -> DC_ASA Firewall2 | AB3: NAT_SUB 908 | AC3: 100.121.29.2 | AD3: =_xlfn.XLOOKUP(AC3,Sheet1!B:B,Sheet1!A:A) -> #N/A
A4: Service Console 850 | B4: 100.121.16.3 | C4: =_xlfn.XLOOKUP(B4,Sheet1!B:B,Sheet1!A:A) -> MUMSBMOLVM01 | D4: Web-1 857 | E4: 100.121.17.3 | F4: =_xlfn.XLOOKUP(E4,Sheet1!B:B,Sheet1!A:A) -> #N/A | H4: 100.121.18.3 | I4: =_xlfn.XLOOKUP(H4,Sheet1!B:B,Sheet1!A:A) -> #N/A | J4: VDI_APP 847 | K4: 100.121.19.3 | L4: =_xlfn.XLOOKUP(K4,Sheet1!B:B,Sheet1!A:A) -> MUMSBMVDIDEM01 | M4: VDI_DHCP 891 | N4: 100.121.20.3 | O4: =_xlfn.XLOOKUP(N4,Sheet1!B:B,Sheet1!A:A) -> #N/A | Q4: 100.121.21.3 | R4: =_xlfn.XLOOKUP(Q4,Sheet1!B:B,Sheet1!A:A) -> #N/A | S4: APP2 901 | T4: 100.121.23.3 | U4: =_xlfn.XLOOKUP(T4,Sheet1!B:B,Sheet1!A:A) -> MUMSBMCLFMAP2 | V4: Proxy_to_Int | W4: 100.121.25.3 | X4: =_xlfn.XLOOKUP(W4,Sheet1!B:B,Sheet1!A:A) -> #N/A | Y4: DSD 905 | Z4: 100.121.28.3 | AA4: =_xlfn.XLOOKUP(Z4,Sheet1!B:B,Sheet1!A:A) -> MUMSBMFORTIMGR | AB4: NAT_SUB 908 | AC4: 100.121.29.3 | AD4: =_xlfn.XLOOKUP(AC4,Sheet1!B:B,Sheet1!A:A) -> #N/A
A5: Service Console 850 | B5: 100.121.16.4 | C5: =_xlfn.XLOOKUP(B5,Sheet1!B:B,Sheet1!A:A) -> MUMSBMVCM01 | D5: Web-1 857 | E5: 100.121.17.4 | F5: =_xlfn.XLOOKUP(E5,Sheet1!B:B,Sheet1!A:A) -> #N/A | H5: 100.121.18.4 | I5: =_xlfn.XLOOKUP(H5,Sheet1!B:B,Sheet1!A:A) -> #N/A | J5: VDI_APP 847 | K5: 100.121.19.4 | L5: =_xlfn.XLOOKUP(K5,Sheet1!B:B,Sheet1!A:A) -> MUMSBMVDICC01 | M5: VDI_DHCP 891 | N5: 100.121.20.4 | O5: =_xlfn.XLOOKUP(N5,Sheet1!B:B,Sheet1!A:A) -> #N/A | Q5: 100.121.21.4 | R5: =_xlfn.XLOOKUP(Q5,Sheet1!B:B,Sheet1!A:A) -> #N/A | S5: APP2 901 | T5: 100.121.23.4 | U5: =_xlfn.XLOOKUP(T5,Sheet1!B:B,Sheet1!A:A) -> MUMSBMCLFPAP1 | V5: Proxy_to_Int | W5: 100.121.25.4 | X5: MUMSBMNSPROXY1 | Y5: DSD 905 | Z5: 100.121.28.4 | AA5: =_xlfn.XLOOKUP(Z5,Sheet1!B:B,Sheet1!A:A) -> #N/A | AB5: NAT_SUB 908 | AC5: 100.121.29.4 | AD5: =_xlfn.XLOOKUP(AC5,Sheet1!B:B,Sheet1!A:A) -> #N/A
A6: Service Console 850 | B6: 100.121.16.5 | C6: =_xlfn.XLOOKUP(B6,Sheet1!B:B,Sheet1!A:A) -> MUMSBMVDIVSCA01 | D6: Web-1 857 | E6: 100.121.17.5 | F6: =_xlfn.XLOOKUP(E6,Sheet1!B:B,Sheet1!A:A) -> #N/A | H6: 100.121.18.5 | I6: =_xlfn.XLOOKUP(H6,Sheet1!B:B,Sheet1!A:A) -> #N/A | J6: VDI_APP 847 | K6: 100.121.19.5 | L6: =_xlfn.XLOOKUP(K6,Sheet1!B:B,Sheet1!A:A) -> MUMSBMVDILB01 | M6: VDI_DHCP 891 | N6: 100.121.20.5 | O6: =_xlfn.XLOOKUP(N6,Sheet1!B:B,Sheet1!A:A) -> #N/A | Q6: 100.121.21.5 | R6: =_xlfn.XLOOKUP(Q6,Sheet1!B:B,Sheet1!A:A) -> #N/A | S6: APP2 901 | T6: 100.121.23.5 | U6: =_xlfn.XLOOKUP(T6,Sheet1!B:B,Sheet1!A:A) -> MUMSBMCLFPAP2 | V6: Proxy_to_Int | W6: 100.121.25.5 | X6: =_xlfn.XLOOKUP(W6,Sheet1!B:B,Sheet1!A:A) -> #N/A | Y6: DSD 905 | Z6: 100.121.28.5 | AA6: =_xlfn.XLOOKUP(Z6,Sheet1!B:B,Sheet1!A:A) -> #N/A | AB6: NAT_SUB 908 | AC6: 100.121.29.5 | AD6: =_xlfn.XLOOKUP(AC6,Sheet1!B:B,Sheet1!A:A) -> #N/A
A7: Service Console 850 | B7: 100.121.16.6 | C7: =_xlfn.XLOOKUP(B7,Sheet1!B:B,Sheet1!A:A) -> mumsbmesx001 | D7: Web-1 857 | E7: 100.121.17.6 | F7: =_xlfn.XLOOKUP(E7,Sheet1!B:B,Sheet1!A:A) -> SBMCOREWEB_443_VS | H7: 100.121.18.6 | I7: =_xlfn.XLOOKUP(H7,Sheet1!B:B,Sheet1!A:A) -> #N/A | J7: VDI_APP 847 | K7: 100.121.19.6 | L7: =_xlfn.XLOOKUP(K7,Sheet1!B:B,Sheet1!A:A) -> #N/A | M7: VDI_DHCP 891 | N7: 100.121.20.6 | O7: =_xlfn.XLOOKUP(N7,Sheet1!B:B,Sheet1!A:A) -> #N/A | Q7: 100.121.21.6 | R7: =_xlfn.XLOOKUP(Q7,Sheet1!B:B,Sheet1!A:A) -> #N/A | S7: APP2 901 | T7: 100.121.23.6 | U7: =_xlfn.XLOOKUP(T7,Sheet1!B:B,Sheet1!A:A) -> MUMSBMCLCMSAP1 | V7: Proxy_to_Int | W7: 100.121.25.6 | X7: =_xlfn.XLOOKUP(W7,Sheet1!B:B,Sheet1!A:A) -> #N/A | Y7: DSD 905 | Z7: 100.121.28.6 | AA7: =_xlfn.XLOOKUP(Z7,Sheet1!B:B,Sheet1!A:A) -> #N/A | AB7: NAT_SUB 908 | AC7: 100.121.29.6 | AD7: =_xlfn.XLOOKUP(AC7,Sheet1!B:B,Sheet1!A:A) -> #N/A
A8: Service Console 850 | B8: 100.121.16.7 | C8: =_xlfn.XLOOKUP(B8,Sheet1!B:B,Sheet1!A:A) -> mumsbmesx002 | D8: Web-1 857 | E8: 100.121.17.93 | F8: =_xlfn.XLOOKUP(E8,Sheet1!B:B,Sheet1!A:A) -> MUMSBMESBWEB03 | H8: 100.121.18.7 | I8: =_xlfn.XLOOKUP(H8,Sheet1!B:B,Sheet1!A:A) -> #N/A | J8: VDI_APP 847 | K8: 100.121.19.7 | L8: =_xlfn.XLOOKUP(K8,Sheet1!B:B,Sheet1!A:A) -> #N/A | M8: VDI_DHCP 891 | N8: 100.121.20.7 | O8: =_xlfn.XLOOKUP(N8,Sheet1!B:B,Sheet1!A:A) -> #N/A | Q8: 100.121.21.7 | R8: =_xlfn.XLOOKUP(Q8,Sheet1!B:B,Sheet1!A:A) -> #N/A | S8: APP2 901 | T8: 100.121.23.7 | U8: =_xlfn.XLOOKUP(T8,Sheet1!B:B,Sheet1!A:A) -> MUMSBMCLCMSAP2 | V8: Proxy_to_Int | W8: 100.121.25.7 | X8: Virtual IP of Proxy | Y8: DSD 905 | Z8: 100.121.28.7 | AA8: =_xlfn.XLOOKUP(Z8,Sheet1!B:B,Sheet1!A:A) -> #N/A | AB8: NAT_SUB 908 | AC8: 100.121.29.7 | AD8: =_xlfn.XLOOKUP(AC8,Sheet1!B:B,Sheet1!A:A) -> #N/A
A9: Service Console 850 | B9: 100.121.16.8 | C9: =_xlfn.XLOOKUP(B9,Sheet1!B:B,Sheet1!A:A) -> mumsbmesx003 | D9: Web-1 857 | E9: 100.121.17.8 | F9: =_xlfn.XLOOKUP(E9,Sheet1!B:B,Sheet1!A:A) -> #N/A | H9: 100.121.18.8 | I9: =_xlfn.XLOOKUP(H9,Sheet1!B:B,Sheet1!A:A) -> #N/A | J9: VDI_APP 847 | K9: 100.121.19.8 | L9: =_xlfn.XLOOKUP(K9,Sheet1!B:B,Sheet1!A:A) -> #N/A | M9: VDI_DHCP 891 | N9: 100.121.20.8 | O9: =_xlfn.XLOOKUP(N9,Sheet1!B:B,Sheet1!A:A) -> #N/A | Q9: 100.121.21.8 | R9: =_xlfn.XLOOKUP(Q9,Sheet1!B:B,Sheet1!A:A) -> #N/A | S9: APP2 901 | T9: 100.121.23.8 | U9: =_xlfn.XLOOKUP(T9,Sheet1!B:B,Sheet1!A:A) -> MUMSBMWEBNEW | V9: Proxy_to_Int | W9: 100.121.25.8 | X9: =_xlfn.XLOOKUP(W9,Sheet1!B:B,Sheet1!A:A) -> #N/A | Y9: DSD 905 | Z9: 100.121.28.8 | AA9: =_xlfn.XLOOKUP(Z9,Sheet1!B:B,Sheet1!A:A) -> #N/A | AB9: NAT_SUB 908 | AC9: 100.121.29.8 | AD9: =_xlfn.XLOOKUP(AC9,Sheet1!B:B,Sheet1!A:A) -> #N/A
A10: Service Console 850 | B10: 100.121.16.9 | C10: =_xlfn.XLOOKUP(B10,Sheet1!B:B,Sheet1!A:A) -> #N/A | D10: Web-1 857 | E10: 100.121.17.9 | F10: =_xlfn.XLOOKUP(E10,Sheet1!B:B,Sheet1!A:A) -> MUMSBMADFSPX02 | H10: 100.121.18.9 | I10: =_xlfn.XLOOKUP(H10,Sheet1!B:B,Sheet1!A:A) -> #N/A | J10: VDI_APP 847 | K10: 100.121.19.9 | L10: =_xlfn.XLOOKUP(K10,Sheet1!B:B,Sheet1!A:A) -> #N/A | M10: VDI_DHCP 891 | N10: 100.121.20.9 | O10: =_xlfn.XLOOKUP(N10,Sheet1!B:B,Sheet1!A:A) -> #N/A | Q10: 100.121.21.9 | R10: =_xlfn.XLOOKUP(Q10,Sheet1!B:B,Sheet1!A:A) -> #N/A | S10: APP2 901 | T10: 100.121.23.9 | U10: =_xlfn.XLOOKUP(T10,Sheet1!B:B,Sheet1!A:A) -> MUMSBMCLFMAP1 | V10: Proxy_to_Int | W10: 100.121.25.9 | X10: =_xlfn.XLOOKUP(W10,Sheet1!B:B,Sheet1!A:A) -> #N/A | Y10: DSD 905 | Z10: 100.121.28.9 | AA10: =_xlfn.XLOOKUP(Z10,Sheet1!B:B,Sheet1!A:A) -> #N/A | AB10: NAT_SUB 908 | AC10: 100.121.29.9 | AD10: =_xlfn.XLOOKUP(AC10,Sheet1!B:B,Sheet1!A:A) -> #N/A
A11: Service Console 850 | B11: 100.121.16.10 | C11: =_xlfn.XLOOKUP(B11,Sheet1!B:B,Sheet1!A:A) -> MUMSBMVCSA02 | D11: Web-1 857 | E11: 100.121.17.10 | F11: =_xlfn.XLOOKUP(E11,Sheet1!B:B,Sheet1!A:A) -> #N/A | H11: 100.121.18.10 | I11: =_xlfn.XLOOKUP(H11,Sheet1!B:B,Sheet1!A:A) -> #N/A | J11: VDI_APP 847 | K11: 100.121.19.10 | L11: =_xlfn.XLOOKUP(K11,Sheet1!B:B,Sheet1!A:A) -> #N/A | M11: VDI_DHCP 891 | N11: 100.121.20.10 | O11: =_xlfn.XLOOKUP(N11,Sheet1!B:B,Sheet1!A:A) -> 100.121.29.131 | Q11: 100.121.21.10 | R11: =_xlfn.XLOOKUP(Q11,Sheet1!B:B,Sheet1!A:A) -> #N/A | S11: APP2 901 | T11: 100.121.23.10 | U11: =_xlfn.XLOOKUP(T11,Sheet1!B:B,Sheet1!A:A) -> MUMSBMRFMSAPP1a | V11: Proxy_to_Int | W11: 100.121.25.10 | X11: =_xlfn.XLOOKUP(W11,Sheet1!B:B,Sheet1!A:A) -> #N/A | Y11: DSD 905 | Z11: 100.121.28.10 | AA11: =_xlfn.XLOOKUP(Z11,Sheet1!B:B,Sheet1!A:A) -> #N/A | AB11: NAT_SUB 908 | AC11: 100.121.29.10 | AD11: =_xlfn.XLOOKUP(AC11,Sheet1!B:B,Sheet1!A:A) -> #N/A
A12: Service Console 850 | B12: 100.121.16.11 | C12: =_xlfn.XLOOKUP(B12,Sheet1!B:B,Sheet1!A:A) -> mumsbmesx004 | D12: Web-1 857 | E12: 100.121.17.11 | F12: =_xlfn.XLOOKUP(E12,Sheet1!B:B,Sheet1!A:A) -> #N/A | H12: 100.121.18.11 | I12: =_xlfn.XLOOKUP(H12,Sheet1!B:B,Sheet1!A:A) -> #N/A | J12: VDI_APP 847 | K12: 100.121.19.11 | L12: =_xlfn.XLOOKUP(K12,Sheet1!B:B,Sheet1!A:A) -> #N/A | M12: VDI_DHCP 891 | N12: 100.121.20.11 | O12: =_xlfn.XLOOKUP(N12,Sheet1!B:B,Sheet1!A:A) -> MUMSBMRDSH04 | Q12: 100.121.21.11 | R12: =_xlfn.XLOOKUP(Q12,Sheet1!B:B,Sheet1!A:A) -> #N/A | S12: APP2 901 | T12: 100.121.23.11 | U12: =_xlfn.XLOOKUP(T12,Sheet1!B:B,Sheet1!A:A) -> MUMSBMRFMSAPP1b | V12: Proxy_to_Int | W12: 100.121.25.11 | X12: =_xlfn.XLOOKUP(W12,Sheet1!B:B,Sheet1!A:A) -> #N/A | Y12: DSD 905 | Z12: 100.121.28.11 | AA12: =_xlfn.XLOOKUP(Z12,Sheet1!B:B,Sheet1!A:A) -> #N/A | AB12: NAT_SUB 908 | AC12: 100.121.29.11 | AD12: =_xlfn.XLOOKUP(AC12,Sheet1!B:B,Sheet1!A:A) -> 14.141.14.215(etrade_VIP)
A13: Service Console 850 | B13: 100.121.16.12 | C13: =_xlfn.XLOOKUP(B13,Sheet1!B:B,Sheet1!A:A) -> mumsbmesx005 | D13: Web-1 857 | E13: 100.121.17.12 | F13: =_xlfn.XLOOKUP(E13,Sheet1!B:B,Sheet1!A:A) -> MUMSBMSCFWEB | H13: 100.121.18.12 | I13: =_xlfn.XLOOKUP(H13,Sheet1!B:B,Sheet1!A:A) -> #N/A | J13: VDI_APP 847 | K13: 100.121.19.12 | L13: =_xlfn.XLOOKUP(K13,Sheet1!B:B,Sheet1!A:A) -> #N/A | M13: VDI_DHCP 891 | N13: 100.121.20.12 | O13: =_xlfn.XLOOKUP(N13,Sheet1!B:B,Sheet1!A:A) -> MUMSBMRDSH05 | Q13: 100.121.21.12 | R13: =_xlfn.XLOOKUP(Q13,Sheet1!B:B,Sheet1!A:A) -> #N/A | S13: APP2 901 | T13: 100.121.23.12 | U13: =_xlfn.XLOOKUP(T13,Sheet1!B:B,Sheet1!A:A) -> MUMSBMRFMSAPP2a | V13: Proxy_to_Int | W13: 100.121.25.12 | X13: =_xlfn.XLOOKUP(W13,Sheet1!B:B,Sheet1!A:A) -> #N/A | Y13: DSD 905 | Z13: 100.121.28.12 | AA13: =_xlfn.XLOOKUP(Z13,Sheet1!B:B,Sheet1!A:A) -> #N/A | AB13: NAT_SUB 908 | AC13: 100.121.29.12 | AD13: =_xlfn.XLOOKUP(AC13,Sheet1!B:B,Sheet1!A:A) -> 14.141.14.221(sbmdigital2_VIP)
A14: Service Console 850 | B14: 100.121.16.13 | C14: =_xlfn.XLOOKUP(B14,Sheet1!B:B,Sheet1!A:A) -> mumsbmesx006 | D14: Web-1 857 | E14: 100.121.17.13 | F14: =_xlfn.XLOOKUP(E14,Sheet1!B:B,Sheet1!A:A) -> acalvio | H14: 100.121.18.13 | I14: =_xlfn.XLOOKUP(H14,Sheet1!B:B,Sheet1!A:A) -> #N/A | J14: VDI_APP 847 | K14: 100.121.19.13 | L14: =_xlfn.XLOOKUP(K14,Sheet1!B:B,Sheet1!A:A) -> #N/A | M14: VDI_DHCP 891 | N14: 100.121.20.13 | O14: =_xlfn.XLOOKUP(N14,Sheet1!B:B,Sheet1!A:A) -> MUMSBMRDSH06 | Q14: 100.121.21.13 | R14: =_xlfn.XLOOKUP(Q14,Sheet1!B:B,Sheet1!A:A) -> #N/A | S14: APP2 901 | T14: 100.121.23.13 | U14: =_xlfn.XLOOKUP(T14,Sheet1!B:B,Sheet1!A:A) -> MUMSBMRFMSAPP2b | V14: Proxy_to_Int | W14: 100.121.25.13 | X14: =_xlfn.XLOOKUP(W14,Sheet1!B:B,Sheet1!A:A) -> #N/A | Y14: DSD 905 | Z14: 100.121.28.13 | AA14: =_xlfn.XLOOKUP(Z14,Sheet1!B:B,Sheet1!A:A) -> #N/A | AB14: NAT_SUB 908 | AC14: 100.121.29.13 | AD14: =_xlfn.XLOOKUP(AC14,Sheet1!B:B,Sheet1!A:A) -> #N/A
A15: Service Console 850 | B15: 100.121.16.14 | C15: =_xlfn.XLOOKUP(B15,Sheet1!B:B,Sheet1!A:A) -> mumsbmesx007 | D15: Web-1 857 | E15: 100.121.17.14 | F15: =_xlfn.XLOOKUP(E15,Sheet1!B:B,Sheet1!A:A) -> acalvio | H15: 100.121.18.14 | I15: =_xlfn.XLOOKUP(H15,Sheet1!B:B,Sheet1!A:A) -> #N/A | J15: VDI_APP 847 | K15: 100.121.19.14 | L15: =_xlfn.XLOOKUP(K15,Sheet1!B:B,Sheet1!A:A) -> Reserved for Acalvio | M15: VDI_DHCP 891 | N15: 100.121.20.14 | O15: =_xlfn.XLOOKUP(N15,Sheet1!B:B,Sheet1!A:A) -> MUMSBMRDSH09 | Q15: 100.121.21.14 | R15: =_xlfn.XLOOKUP(Q15,Sheet1!B:B,Sheet1!A:A) -> #N/A | S15: APP2 901 | T15: 100.121.23.14 | U15: =_xlfn.XLOOKUP(T15,Sheet1!B:B,Sheet1!A:A) -> MUMSBMRFMSAPP3a | V15: Proxy_to_Int | W15: 100.121.25.14 | X15: =_xlfn.XLOOKUP(W15,Sheet1!B:B,Sheet1!A:A) -> #N/A | Y15: DSD 905 | Z15: 100.121.28.14 | AA15: =_xlfn.XLOOKUP(Z15,Sheet1!B:B,Sheet1!A:A) -> #N/A | AB15: NAT_SUB 908 | AC15: 100.121.29.14 | AD15: =_xlfn.XLOOKUP(AC15,Sheet1!B:B,Sheet1!A:A) -> #N/A
A16: Service Console 850 | B16: 100.121.16.15 | C16: =_xlfn.XLOOKUP(B16,Sheet1!B:B,Sheet1!A:A) -> MUMSBMOVMM01 | D16: Web-1 857 | E16: 100.121.17.15 | F16: =_xlfn.XLOOKUP(E16,Sheet1!B:B,Sheet1!A:A) -> MUMSBMFINWEB3 | H16: 100.121.18.15 | I16: =_xlfn.XLOOKUP(H16,Sheet1!B:B,Sheet1!A:A) -> #N/A | J16: VDI_APP 847 | K16: 100.121.19.15 | L16: =_xlfn.XLOOKUP(K16,Sheet1!B:B,Sheet1!A:A) -> Reserved for Acalvio | M16: VDI_DHCP 891 | N16: 100.121.20.15 | O16: =_xlfn.XLOOKUP(N16,Sheet1!B:B,Sheet1!A:A) -> MUMSBMRDSH01 | Q16: 100.121.21.15 | R16: =_xlfn.XLOOKUP(Q16,Sheet1!B:B,Sheet1!A:A) -> #N/A | S16: APP2 901 | T16: 100.121.23.15 | U16: =_xlfn.XLOOKUP(T16,Sheet1!B:B,Sheet1!A:A) -> MUMSBMRFMSAPP3b | W16: 100.121.25.15 | X16: =_xlfn.XLOOKUP(W16,Sheet1!B:B,Sheet1!A:A) -> #N/A | Y16: DSD 905 | Z16: 100.121.28.15 | AA16: =_xlfn.XLOOKUP(Z16,Sheet1!B:B,Sheet1!A:A) -> #N/A | AB16: NAT_SUB 908 | AC16: 100.121.29.15 | AD16: =_xlfn.XLOOKUP(AC16,Sheet1!B:B,Sheet1!A:A) -> #N/A
A17: Service Console 850 | B17: 100.121.16.16 | C17: =_xlfn.XLOOKUP(B17,Sheet1!B:B,Sheet1!A:A) -> mumsbmvdiesx001 | D17: Web-1 857 | E17: 100.121.17.16 | F17: =_xlfn.XLOOKUP(E17,Sheet1!B:B,Sheet1!A:A) -> MUMSBMFINWEB1 | H17: 100.121.18.16 | I17: =_xlfn.XLOOKUP(H17,Sheet1!B:B,Sheet1!A:A) -> #N/A | J17: VDI_APP 847 | K17: 100.121.19.16 | L17: =_xlfn.XLOOKUP(K17,Sheet1!B:B,Sheet1!A:A) -> Reserved for Acalvio | M17: VDI_DHCP 891 | N17: 100.121.20.16 | O17: =_xlfn.XLOOKUP(N17,Sheet1!B:B,Sheet1!A:A) -> MUMSBMRDSH08 | Q17: 100.121.21.16 | R17: =_xlfn.XLOOKUP(Q17,Sheet1!B:B,Sheet1!A:A) -> #N/A | S17: APP2 901 | T17: 100.121.23.16 | U17: =_xlfn.XLOOKUP(T17,Sheet1!B:B,Sheet1!A:A) -> MUMSBMVRNSAPP1 | W17: 100.121.25.16 | X17: =_xlfn.XLOOKUP(W17,Sheet1!B:B,Sheet1!A:A) -> #N/A | Y17: DSD 905 | Z17: 100.121.28.16 | AA17: =_xlfn.XLOOKUP(Z17,Sheet1!B:B,Sheet1!A:A) -> #N/A | AB17: NAT_SUB 908 | AC17: 100.121.29.16 | AD17: =_xlfn.XLOOKUP(AC17,Sheet1!B:B,Sheet1!A:A) -> #N/A
A18: Service Console 850 | B18: 100.121.16.17 | C18: =_xlfn.XLOOKUP(B18,Sheet1!B:B,Sheet1!A:A) -> mumsbmesx008 | D18: Web-1 857 | E18: 100.121.17.17 | F18: =_xlfn.XLOOKUP(E18,Sheet1!B:B,Sheet1!A:A) -> MUMSBMFINWEB2 | H18: 100.121.18.17 | I18: =_xlfn.XLOOKUP(H18,Sheet1!B:B,Sheet1!A:A) -> #N/A | J18: VDI_APP 847 | K18: 100.121.19.17 | L18: =_xlfn.XLOOKUP(K18,Sheet1!B:B,Sheet1!A:A) -> #N/A | M18: VDI_DHCP 891 | N18: 100.121.20.17 | O18: =_xlfn.XLOOKUP(N18,Sheet1!B:B,Sheet1!A:A) -> MUMSBMRDSH07 | Q18: 100.121.21.17 | R18: =_xlfn.XLOOKUP(Q18,Sheet1!B:B,Sheet1!A:A) -> #N/A | S18: APP2 901 | T18: 100.121.23.17 | U18: =_xlfn.XLOOKUP(T18,Sheet1!B:B,Sheet1!A:A) -> MUMSBMVRNSAPP2 | W18: 100.121.25.17 | X18: =_xlfn.XLOOKUP(W18,Sheet1!B:B,Sheet1!A:A) -> #N/A | Y18: DSD 905 | Z18: 100.121.28.17 | AA18: =_xlfn.XLOOKUP(Z18,Sheet1!B:B,Sheet1!A:A) -> #N/A | AB18: NAT_SUB 908 | AC18: 100.121.29.17 | AD18: =_xlfn.XLOOKUP(AC18,Sheet1!B:B,Sheet1!A:A) -> #N/A
A19: Service Console 850 | B19: 100.121.16.18 | C19: =_xlfn.XLOOKUP(B19,Sheet1!B:B,Sheet1!A:A) -> MUMSBMVDIESX002 | D19: Web-1 857 | E19: 100.121.17.18 | F19: =_xlfn.XLOOKUP(E19,Sheet1!B:B,Sheet1!A:A) -> #N/A | H19: 100.121.18.18 | I19: =_xlfn.XLOOKUP(H19,Sheet1!B:B,Sheet1!A:A) -> #N/A | J19: VDI-WEB 848 | K19: 100.121.19.18 | L19: =_xlfn.XLOOKUP(K19,Sheet1!B:B,Sheet1!A:A) -> MUMSBMVDIUAG01 | M19: VDI_DHCP 891 | N19: 100.121.20.18 | O19: =_xlfn.XLOOKUP(N19,Sheet1!B:B,Sheet1!A:A) -> MUMSBMRDSH03 | Q19: 100.121.21.18 | R19: =_xlfn.XLOOKUP(Q19,Sheet1!B:B,Sheet1!A:A) -> #N/A | S19: APP2 901 | T19: 100.121.23.18 | U19: =_xlfn.XLOOKUP(T19,Sheet1!B:B,Sheet1!A:A) -> MUMSBMVRNSAPP3 | W19: 100.121.25.18 | X19: =_xlfn.XLOOKUP(W19,Sheet1!B:B,Sheet1!A:A) -> #N/A | Y19: DSD 905 | Z19: 100.121.28.18 | AA19: =_xlfn.XLOOKUP(Z19,Sheet1!B:B,Sheet1!A:A) -> #N/A | AB19: NAT_SUB 908 | AC19: 100.121.29.18 | AD19: =_xlfn.XLOOKUP(AC19,Sheet1!B:B,Sheet1!A:A) -> 14.141.14.220(sbmkyc_VIP)
A20: Service Console 850 | B20: 100.121.16.19 | C20: =_xlfn.XLOOKUP(B20,Sheet1!B:B,Sheet1!A:A) -> MUMSBMOVS04 | D20: Web-1 857 | E20: 100.121.17.19 | F20: =_xlfn.XLOOKUP(E20,Sheet1!B:B,Sheet1!A:A) -> #N/A | H20: 100.121.18.19 | I20: =_xlfn.XLOOKUP(H20,Sheet1!B:B,Sheet1!A:A) -> #N/A | J20: VDI-WEB 848 | K20: 100.121.19.19 | L20: =_xlfn.XLOOKUP(K20,Sheet1!B:B,Sheet1!A:A) -> #N/A | M20: VDI_DHCP 891 | N20: 100.121.20.19 | O20: =_xlfn.XLOOKUP(N20,Sheet1!B:B,Sheet1!A:A) -> MUMSBMRDSH02 | Q20: 100.121.21.19 | R20: =_xlfn.XLOOKUP(Q20,Sheet1!B:B,Sheet1!A:A) -> #N/A | S20: APP2 901 | T20: 100.121.23.19 | U20: =_xlfn.XLOOKUP(T20,Sheet1!B:B,Sheet1!A:A) -> MUMSBMBFXAPP01 | W20: 100.121.25.19 | X20: =_xlfn.XLOOKUP(W20,Sheet1!B:B,Sheet1!A:A) -> #N/A | Y20: DSD 905 | Z20: 100.121.28.19 | AA20: =_xlfn.XLOOKUP(Z20,Sheet1!B:B,Sheet1!A:A) -> #N/A | AB20: NAT_SUB 908 | AC20: 100.121.29.19 | AD20: =_xlfn.XLOOKUP(AC20,Sheet1!B:B,Sheet1!A:A) -> 14.141.14.219(api-uni_VIP)
A21: Service Console 850 | B21: 100.121.16.20 | C21: =_xlfn.XLOOKUP(B21,Sheet1!B:B,Sheet1!A:A) -> MUMSBMHYP001 | D21: Web-1 857 | E21: 100.121.17.20 | F21: =_xlfn.XLOOKUP(E21,Sheet1!B:B,Sheet1!A:A) -> MUMSBMSEQAPP | H21: 100.121.18.20 | I21: =_xlfn.XLOOKUP(H21,Sheet1!B:B,Sheet1!A:A) -> #N/A | J21: VDI-WEB 848 | K21: 100.121.19.20 | L21: =_xlfn.XLOOKUP(K21,Sheet1!B:B,Sheet1!A:A) -> #N/A | M21: VDI_DHCP 891 | N21: 100.121.20.20 | O21: =_xlfn.XLOOKUP(N21,Sheet1!B:B,Sheet1!A:A) -> #N/A | Q21: 100.121.21.20 | R21: =_xlfn.XLOOKUP(Q21,Sheet1!B:B,Sheet1!A:A) -> #N/A | S21: APP2 901 | T21: 100.121.23.20 | U21: =_xlfn.XLOOKUP(T21,Sheet1!B:B,Sheet1!A:A) -> MUMSBMREFAPP | W21: 100.121.25.20 | X21: =_xlfn.XLOOKUP(W21,Sheet1!B:B,Sheet1!A:A) -> #N/A | Y21: DSD 905 | Z21: 100.121.28.20 | AA21: =_xlfn.XLOOKUP(Z21,Sheet1!B:B,Sheet1!A:A) -> #N/A | AB21: NAT_SUB 908 | AC21: 100.121.29.20 | AD21: =_xlfn.XLOOKUP(AC21,Sheet1!B:B,Sheet1!A:A) -> #N/A
A22: Service Console 850 | B22: 100.121.16.21 | C22: =_xlfn.XLOOKUP(B22,Sheet1!B:B,Sheet1!A:A) -> MUMSBMHYP002 | D22: Web-1 857 | E22: 100.121.17.21 | F22: =_xlfn.XLOOKUP(E22,Sheet1!B:B,Sheet1!A:A) -> MUMSBMVWTP01 | H22: 100.121.18.21 | I22: =_xlfn.XLOOKUP(H22,Sheet1!B:B,Sheet1!A:A) -> #N/A | J22: VDI-WEB 848 | K22: 100.121.19.21 | L22: =_xlfn.XLOOKUP(K22,Sheet1!B:B,Sheet1!A:A) -> #N/A | M22: VDI_DHCP 891 | N22: 100.121.20.21 | O22: =_xlfn.XLOOKUP(N22,Sheet1!B:B,Sheet1!A:A) -> #N/A | Q22: 100.121.21.21 | R22: =_xlfn.XLOOKUP(Q22,Sheet1!B:B,Sheet1!A:A) -> #N/A | S22: APP2 901 | T22: 100.121.23.21 | U22: =_xlfn.XLOOKUP(T22,Sheet1!B:B,Sheet1!A:A) -> MUMSBMAWSMAP | W22: 100.121.25.21 | X22: =_xlfn.XLOOKUP(W22,Sheet1!B:B,Sheet1!A:A) -> #N/A | Y22: DSD 905 | Z22: 100.121.28.21 | AA22: =_xlfn.XLOOKUP(Z22,Sheet1!B:B,Sheet1!A:A) -> #N/A | AB22: NAT_SUB 908 | AC22: 100.121.29.21 | AD22: =_xlfn.XLOOKUP(AC22,Sheet1!B:B,Sheet1!A:A) -> #N/A
A23: Service Console 850 | B23: 100.121.16.22 | C23: =_xlfn.XLOOKUP(B23,Sheet1!B:B,Sheet1!A:A) -> MUMSBMHYPCLU | D23: Web-1 857 | E23: 100.121.17.22 | F23: =_xlfn.XLOOKUP(E23,Sheet1!B:B,Sheet1!A:A) -> SBMWEB_443_vs | H23: 100.121.18.22 | I23: =_xlfn.XLOOKUP(H23,Sheet1!B:B,Sheet1!A:A) -> #N/A | J23: VDI-WEB 848 | K23: 100.121.19.22 | L23: =_xlfn.XLOOKUP(K23,Sheet1!B:B,Sheet1!A:A) -> #N/A | M23: VDI_DHCP 891 | N23: 100.121.20.22 | O23: =_xlfn.XLOOKUP(N23,Sheet1!B:B,Sheet1!A:A) -> #N/A | Q23: 100.121.21.22 | R23: =_xlfn.XLOOKUP(Q23,Sheet1!B:B,Sheet1!A:A) -> #N/A | S23: APP2 901 | T23: 100.121.23.22 | U23: =_xlfn.XLOOKUP(T23,Sheet1!B:B,Sheet1!A:A) -> MUMSBMINF01 | W23: 100.121.25.22 | X23: =_xlfn.XLOOKUP(W23,Sheet1!B:B,Sheet1!A:A) -> #N/A | Y23: DSD 905 | Z23: 100.121.28.22 | AA23: =_xlfn.XLOOKUP(Z23,Sheet1!B:B,Sheet1!A:A) -> #N/A | AB23: NAT_SUB 908 | AC23: 100.121.29.22 | AD23: =_xlfn.XLOOKUP(AC23,Sheet1!B:B,Sheet1!A:A) -> #N/A
A24: Service Console 850 | B24: 100.121.16.23 | C24: =_xlfn.XLOOKUP(B24,Sheet1!B:B,Sheet1!A:A) -> mumsbmesx009.vsphere.local | D24: Web-1 857 | E24: 100.121.17.23 | F24: =_xlfn.XLOOKUP(E24,Sheet1!B:B,Sheet1!A:A) -> MUMSBMARSTWEB | H24: 100.121.18.23 | I24: =_xlfn.XLOOKUP(H24,Sheet1!B:B,Sheet1!A:A) -> #N/A | J24: VDI-WEB 848 | K24: 100.121.19.23 | L24: =_xlfn.XLOOKUP(K24,Sheet1!B:B,Sheet1!A:A) -> #N/A | M24: VDI_DHCP 891 | N24: 100.121.20.23 | O24: =_xlfn.XLOOKUP(N24,Sheet1!B:B,Sheet1!A:A) -> #N/A | Q24: 100.121.21.23 | R24: =_xlfn.XLOOKUP(Q24,Sheet1!B:B,Sheet1!A:A) -> #N/A | S24: APP2 901 | T24: 100.121.23.23 | U24: =_xlfn.XLOOKUP(T24,Sheet1!B:B,Sheet1!A:A) -> #N/A | W24: 100.121.25.23 | X24: =_xlfn.XLOOKUP(W24,Sheet1!B:B,Sheet1!A:A) -> #N/A | Y24: DSD 905 | Z24: 100.121.28.23 | AA24: =_xlfn.XLOOKUP(Z24,Sheet1!B:B,Sheet1!A:A) -> #N/A | AB24: NAT_SUB 908 | AC24: 100.121.29.23 | AD24: =_xlfn.XLOOKUP(AC24,Sheet1!B:B,Sheet1!A:A) -> #N/A
A25: Service Console 850 | B25: 100.121.16.24 | C25: =_xlfn.XLOOKUP(B25,Sheet1!B:B,Sheet1!A:A) -> mumsbmesx010.vsphere.local | D25: Web-1 857 | E25: 100.121.17.24 | F25: =_xlfn.XLOOKUP(E25,Sheet1!B:B,Sheet1!A:A) -> Clari5_VS_443 | H25: 100.121.18.24 | I25: =_xlfn.XLOOKUP(H25,Sheet1!B:B,Sheet1!A:A) -> #N/A | J25: VDI-WEB 848 | K25: 100.121.19.24 | L25: =_xlfn.XLOOKUP(K25,Sheet1!B:B,Sheet1!A:A) -> #N/A | M25: VDI_DHCP 891 | N25: 100.121.20.24 | O25: =_xlfn.XLOOKUP(N25,Sheet1!B:B,Sheet1!A:A) -> #N/A | Q25: 100.121.21.24 | R25: =_xlfn.XLOOKUP(Q25,Sheet1!B:B,Sheet1!A:A) -> #N/A | S25: APP2 901 | T25: 100.121.23.24 | U25: =_xlfn.XLOOKUP(T25,Sheet1!B:B,Sheet1!A:A) -> MUMSBMACIAPP01 | W25: 100.121.25.24 | X25: =_xlfn.XLOOKUP(W25,Sheet1!B:B,Sheet1!A:A) -> #N/A | Y25: DSD 905 | Z25: 100.121.28.24 | AA25: =_xlfn.XLOOKUP(Z25,Sheet1!B:B,Sheet1!A:A) -> #N/A | AB25: NAT_SUB 908 | AC25: 100.121.29.24 | AD25: =_xlfn.XLOOKUP(AC25,Sheet1!B:B,Sheet1!A:A) -> #N/A
A26: Service Console 850 | B26: 100.121.16.25 | C26: =_xlfn.XLOOKUP(B26,Sheet1!B:B,Sheet1!A:A) -> #N/A | D26: Web-1 857 | E26: 100.121.17.25 | F26: =_xlfn.XLOOKUP(E26,Sheet1!B:B,Sheet1!A:A) -> MUMSBMTRDWEB | H26: 100.121.18.25 | I26: =_xlfn.XLOOKUP(H26,Sheet1!B:B,Sheet1!A:A) -> #N/A | J26: VDI-WEB 848 | K26: 100.121.19.25 | L26: =_xlfn.XLOOKUP(K26,Sheet1!B:B,Sheet1!A:A) -> #N/A | M26: VDI_DHCP 891 | N26: 100.121.20.25 | O26: =_xlfn.XLOOKUP(N26,Sheet1!B:B,Sheet1!A:A) -> #N/A | Q26: 100.121.21.25 | R26: =_xlfn.XLOOKUP(Q26,Sheet1!B:B,Sheet1!A:A) -> #N/A | S26: APP2 901 | T26: 100.121.23.25 | U26: =_xlfn.XLOOKUP(T26,Sheet1!B:B,Sheet1!A:A) -> MUMSBMCBFAPP01 | W26: 100.121.25.25 | X26: =_xlfn.XLOOKUP(W26,Sheet1!B:B,Sheet1!A:A) -> #N/A | Y26: DSD 905 | Z26: 100.121.28.25 | AA26: =_xlfn.XLOOKUP(Z26,Sheet1!B:B,Sheet1!A:A) -> #N/A | AB26: NAT_SUB 908 | AC26: 100.121.29.25 | AD26: =_xlfn.XLOOKUP(AC26,Sheet1!B:B,Sheet1!A:A) -> #N/A
A27: Service Console 850 | B27: 100.121.16.26 | C27: =_xlfn.XLOOKUP(B27,Sheet1!B:B,Sheet1!A:A) -> MUMSBMVDIESX02 | D27: Web-1 857 | E27: 100.121.17.26 | F27: =_xlfn.XLOOKUP(E27,Sheet1!B:B,Sheet1!A:A) -> MUMSBMRFMSAPP1_VS_8443 | H27: 100.121.18.26 | I27: =_xlfn.XLOOKUP(H27,Sheet1!B:B,Sheet1!A:A) -> #N/A | J27: VDI-WEB 848 | K27: 100.121.19.26 | L27: =_xlfn.XLOOKUP(K27,Sheet1!B:B,Sheet1!A:A) -> #N/A | M27: VDI_DHCP 891 | N27: 100.121.20.26 | O27: =_xlfn.XLOOKUP(N27,Sheet1!B:B,Sheet1!A:A) -> #N/A | Q27: 100.121.21.26 | R27: =_xlfn.XLOOKUP(Q27,Sheet1!B:B,Sheet1!A:A) -> #N/A | S27: APP2 901 | T27: 100.121.23.26 | U27: =_xlfn.XLOOKUP(T27,Sheet1!B:B,Sheet1!A:A) -> MUMSBMIRISAPP1 | W27: 100.121.25.26 | X27: =_xlfn.XLOOKUP(W27,Sheet1!B:B,Sheet1!A:A) -> #N/A | Y27: DSD 905 | Z27: 100.121.28.26 | AA27: =_xlfn.XLOOKUP(Z27,Sheet1!B:B,Sheet1!A:A) -> #N/A | AB27: NAT_SUB 908 | AC27: 100.121.29.26 | AD27: =_xlfn.XLOOKUP(AC27,Sheet1!B:B,Sheet1!A:A) -> #N/A
... A33: Service Console 850 | B33: 100.121.16.32 | C33: =_xlfn.XLOOKUP(B33,Sheet1!B:B,Sheet1!A:A) -> #N/A | D33: Web-1 857 | E33: 100.121.17.32 | F33: =_xlfn.XLOOKUP(E33,Sheet1!B:B,Sheet1!A:A) -> #N/A | H33: 100.121.18.32 | I33: =_xlfn.XLOOKUP(H33,Sheet1!B:B,Sheet1!A:A) -> #N/A | J33: VDI-WEB 848 | K33: 100.121.19.32 | L33: =_xlfn.XLOOKUP(K33,Sheet1!B:B,Sheet1!A:A) -> Reserved for Acalvio | M33: VDI_DHCP 891 | N33: 100.121.20.32 | O33: =_xlfn.XLOOKUP(N33,Sheet1!B:B,Sheet1!A:A) -> #N/A | Q33: 100.121.21.32 | R33: =_xlfn.XLOOKUP(Q33,Sheet1!B:B,Sheet1!A:A) -> #N/A | S33: APP2 901 | T33: 100.121.23.32 | U33: =_xlfn.XLOOKUP(T33,Sheet1!B:B,Sheet1!A:A) -> MUMSBMVRNSCOL | W33: 100.121.25.32 | X33: =_xlfn.XLOOKUP(W33,Sheet1!B:B,Sheet1!A:A) -> #N/A | Y33: DSD 905 | Z33: 100.121.28.32 | AA33: =_xlfn.XLOOKUP(Z33,Sheet1!B:B,Sheet1!A:A) -> #N/A | AB33: NAT_SUB 908 | AC33: 100.121.29.32 | AD33: =_xlfn.XLOOKUP(AC33,Sheet1!B:B,Sheet1!A:A) -> #N/A
B34: 100.121.16.33 | C34: =_xlfn.XLOOKUP(B34,Sheet1!B:B,Sheet1!A:A) -> #N/A | D34: WEBJAP 858 | E34: 100.121.17.33 | F34: =_xlfn.XLOOKUP(E34,Sheet1!B:B,Sheet1!A:A) -> vlan 858 | H34: 100.121.18.33 | I34: =_xlfn.XLOOKUP(H34,Sheet1!B:B,Sheet1!A:A) -> #N/A | J34: VDI-WEB 848 | K34: 100.121.19.33 | L34: =_xlfn.XLOOKUP(K34,Sheet1!B:B,Sheet1!A:A) -> #N/A | M34: VDI_DHCP 891 | N34: 100.121.20.33 | O34: =_xlfn.XLOOKUP(N34,Sheet1!B:B,Sheet1!A:A) -> #N/A | Q34: 100.121.21.33 | R34: =_xlfn.XLOOKUP(Q34,Sheet1!B:B,Sheet1!A:A) -> #N/A | S34: APP2 901 | T34: 100.121.23.33 | U34: =_xlfn.XLOOKUP(T34,Sheet1!B:B,Sheet1!A:A) -> MUMSBMICRAPP01 | W34: 100.121.25.33 | X34: =_xlfn.XLOOKUP(W34,Sheet1!B:B,Sheet1!A:A) -> #N/A | Y34: DSD 905 | Z34: 100.121.28.33 | AA34: =_xlfn.XLOOKUP(Z34,Sheet1!B:B,Sheet1!A:A) -> #N/A | AB34: NAT_SUB 908 | AC34: 100.121.29.33 | AD34: =_xlfn.XLOOKUP(AC34,Sheet1!B:B,Sheet1!A:A) -> #N/A
B35: 100.121.16.34 | C35: =_xlfn.XLOOKUP(B35,Sheet1!B:B,Sheet1!A:A) -> #N/A | D35: WEBJAP 858 | E35: 100.121.17.34 | F35: =_xlfn.XLOOKUP(E35,Sheet1!B:B,Sheet1!A:A) -> vlan 858_standby | H35: 100.121.18.34 | I35: =_xlfn.XLOOKUP(H35,Sheet1!B:B,Sheet1!A:A) -> #N/A | J35: VDI-DB 849 | K35: 100.121.19.34 | L35: =_xlfn.XLOOKUP(K35,Sheet1!B:B,Sheet1!A:A) -> MUMSBMVDIDB | M35: VDI_DHCP 891 | N35: 100.121.20.34 | O35: =_xlfn.XLOOKUP(N35,Sheet1!B:B,Sheet1!A:A) -> #N/A | Q35: 100.121.21.34 | R35: =_xlfn.XLOOKUP(Q35,Sheet1!B:B,Sheet1!A:A) -> #N/A | S35: APP2 901 | T35: 100.121.23.34 | U35: =_xlfn.XLOOKUP(T35,Sheet1!B:B,Sheet1!A:A) -> MUMSBMLARSAPP01 | W35: 100.121.25.34 | X35: =_xlfn.XLOOKUP(W35,Sheet1!B:B,Sheet1!A:A) -> #N/A | Y35: DSD 905 | Z35: 100.121.28.34 | AA35: =_xlfn.XLOOKUP(Z35,Sheet1!B:B,Sheet1!A:A) -> #N/A | AB35: NAT_SUB 908 | AC35: 100.121.29.34 | AD35: =_xlfn.XLOOKUP(AC35,Sheet1!B:B,Sheet1!A:A) -> #N/A
B36: 100.121.16.35 | C36: =_xlfn.XLOOKUP(B36,Sheet1!B:B,Sheet1!A:A) -> #N/A | D36: WEBJAP 858 | E36: 100.121.17.35 | F36: =_xlfn.XLOOKUP(E36,Sheet1!B:B,Sheet1!A:A) -> #N/A | H36: 100.121.18.35 | I36: =_xlfn.XLOOKUP(H36,Sheet1!B:B,Sheet1!A:A) -> #N/A | J36: VDI-DB 849 | K36: 100.121.19.35 | L36: =_xlfn.XLOOKUP(K36,Sheet1!B:B,Sheet1!A:A) -> #N/A | M36: VDI_DHCP 891 | N36: 100.121.20.35 | O36: =_xlfn.XLOOKUP(N36,Sheet1!B:B,Sheet1!A:A) -> #N/A | Q36: 100.121.21.35 | R36: =_xlfn.XLOOKUP(Q36,Sheet1!B:B,Sheet1!A:A) -> #N/A | S36: APP2 901 | T36: 100.121.23.35 | U36: =_xlfn.XLOOKUP(T36,Sheet1!B:B,Sheet1!A:A) -> #N/A | W36: 100.121.25.35 | X36: =_xlfn.XLOOKUP(W36,Sheet1!B:B,Sheet1!A:A) -> #N/A | Y36: DSD 905 | Z36: 100.121.28.35 | AA36: =_xlfn.XLOOKUP(Z36,Sheet1!B:B,Sheet1!A:A) -> #N/A | AB36: NAT_SUB 908 | AC36: 100.121.29.35 | AD36: =_xlfn.XLOOKUP(AC36,Sheet1!B:B,Sheet1!A:A) -> #N/A
B37: 100.121.16.36 | C37: =_xlfn.XLOOKUP(B37,Sheet1!B:B,Sheet1!A:A) -> #N/A | D37: WEBJAP 858 | E37: 100.121.17.36 | F37: =_xlfn.XLOOKUP(E37,Sheet1!B:B,Sheet1!A:A) -> #N/A | H37: 100.121.18.36 | I37: =_xlfn.XLOOKUP(H37,Sheet1!B:B,Sheet1!A:A) -> #N/A | J37: VDI-DB 849 | K37: 100.121.19.36 | L37: =_xlfn.XLOOKUP(K37,Sheet1!B:B,Sheet1!A:A) -> #N/A | M37: VDI_DHCP 891 | N37: 100.121.20.36 | O37: =_xlfn.XLOOKUP(N37,Sheet1!B:B,Sheet1!A:A) -> #N/A | Q37: 100.121.21.36 | R37: =_xlfn.XLOOKUP(Q37,Sheet1!B:B,Sheet1!A:A) -> #N/A | S37: APP2 901 | T37: 100.121.23.36 | U37: =_xlfn.XLOOKUP(T37,Sheet1!B:B,Sheet1!A:A) -> MUMSBMCREDPAPP | W37: 100.121.25.36 | X37: =_xlfn.XLOOKUP(W37,Sheet1!B:B,Sheet1!A:A) -> #N/A | Y37: DSD 905 | Z37: 100.121.28.36 | AA37: =_xlfn.XLOOKUP(Z37,Sheet1!B:B,Sheet1!A:A) -> #N/A | AB37: NAT_SUB 908 | AC37: 100.121.29.36 | AD37: =_xlfn.XLOOKUP(AC37,Sheet1!B:B,Sheet1!A:A) -> #N/A
B38: 100.121.16.37 | C38: =_xlfn.XLOOKUP(B38,Sheet1!B:B,Sheet1!A:A) -> #N/A | D38: WEBJAP 858 | E38: 100.121.17.37 | F38: =_xlfn.XLOOKUP(E38,Sheet1!B:B,Sheet1!A:A) -> #N/A | H38: 100.121.18.37 | I38: =_xlfn.XLOOKUP(H38,Sheet1!B:B,Sheet1!A:A) -> #N/A | J38: VDI-DB 849 | K38: 100.121.19.37 | L38: =_xlfn.XLOOKUP(K38,Sheet1!B:B,Sheet1!A:A) -> #N/A | M38: VDI_DHCP 891 | N38: 100.121.20.37 | O38: =_xlfn.XLOOKUP(N38,Sheet1!B:B,Sheet1!A:A) -> #N/A | Q38: 100.121.21.37 | R38: =_xlfn.XLOOKUP(Q38,Sheet1!B:B,Sheet1!A:A) -> #N/A | S38: APP2 901 | T38: 100.121.23.37 | U38: =_xlfn.XLOOKUP(T38,Sheet1!B:B,Sheet1!A:A) -> MUMSBMNTRAPP | W38: 100.121.25.37 | X38: =_xlfn.XLOOKUP(W38,Sheet1!B:B,Sheet1!A:A) -> #N/A | Y38: DSD 905 | Z38: 100.121.28.37 | AA38: =_xlfn.XLOOKUP(Z38,Sheet1!B:B,Sheet1!A:A) -> #N/A | AB38: NAT_SUB 908 | AC38: 100.121.29.37 | AD38: =_xlfn.XLOOKUP(AC38,Sheet1!B:B,Sheet1!A:A) -> #N/A
B39: 100.121.16.38 | C39: =_xlfn.XLOOKUP(B39,Sheet1!B:B,Sheet1!A:A) -> #N/A | D39: WEBJAP 858 | E39: 100.121.17.38 | F39: =_xlfn.XLOOKUP(E39,Sheet1!B:B,Sheet1!A:A) -> MUMSBMBAPP_443_VS | H39: 100.121.18.38 | I39: =_xlfn.XLOOKUP(H39,Sheet1!B:B,Sheet1!A:A) -> #N/A | J39: VDI-DB 849 | K39: 100.121.19.38 | L39: =_xlfn.XLOOKUP(K39,Sheet1!B:B,Sheet1!A:A) -> #N/A | M39: VDI_DHCP 891 | N39: 100.121.20.38 | O39: =_xlfn.XLOOKUP(N39,Sheet1!B:B,Sheet1!A:A) -> #N/A | Q39: 100.121.21.38 | R39: =_xlfn.XLOOKUP(Q39,Sheet1!B:B,Sheet1!A:A) -> #N/A | S39: APP2 901 | T39: 100.121.23.38 | U39: =_xlfn.XLOOKUP(T39,Sheet1!B:B,Sheet1!A:A) -> MUMSBMSEQAPP01 | W39: 100.121.25.38 | X39: =_xlfn.XLOOKUP(W39,Sheet1!B:B,Sheet1!A:A) -> #N/A | Y39: DSD 905 | Z39: 100.121.28.38 | AA39: =_xlfn.XLOOKUP(Z39,Sheet1!B:B,Sheet1!A:A) -> #N/A | AB39: NAT_SUB 908 | AC39: 100.121.29.38 | AD39: =_xlfn.XLOOKUP(AC39,Sheet1!B:B,Sheet1!A:A) -> #N/A
B40: 100.121.16.39 | C40: =_xlfn.XLOOKUP(B40,Sheet1!B:B,Sheet1!A:A) -> #N/A | D40: WEBJAP 858 | E40: 100.121.17.39 | F40: =_xlfn.XLOOKUP(E40,Sheet1!B:B,Sheet1!A:A) -> SBMFASWEB_443_VS | H40: 100.121.18.39 | I40: =_xlfn.XLOOKUP(H40,Sheet1!B:B,Sheet1!A:A) -> #N/A | J40: VDI-DB 849 | K40: 100.121.19.39 | L40: =_xlfn.XLOOKUP(K40,Sheet1!B:B,Sheet1!A:A) -> #N/A | M40: VDI_DHCP 891 | N40: 100.121.20.39 | O40: =_xlfn.XLOOKUP(N40,Sheet1!B:B,Sheet1!A:A) -> #N/A | Q40: 100.121.21.39 | R40: =_xlfn.XLOOKUP(Q40,Sheet1!B:B,Sheet1!A:A) -> #N/A | S40: APP2 901 | T40: 100.121.23.39 | U40: =_xlfn.XLOOKUP(T40,Sheet1!B:B,Sheet1!A:A) -> MUMSBMSDAP | W40: 100.121.25.39 | X40: =_xlfn.XLOOKUP(W40,Sheet1!B:B,Sheet1!A:A) -> #N/A | Y40: DSD 905 | Z40: 100.121.28.39 | AA40: =_xlfn.XLOOKUP(Z40,Sheet1!B:B,Sheet1!A:A) -> #N/A | AB40: NAT_SUB 908 | AC40: 100.121.29.39 | AD40: =_xlfn.XLOOKUP(AC40,Sheet1!B:B,Sheet1!A:A) -> #N/A
B41: 100.121.16.40 | C41: =_xlfn.XLOOKUP(B41,Sheet1!B:B,Sheet1!A:A) -> #N/A | D41: WEBJAP 858 | E41: 100.121.17.40 | F41: =_xlfn.XLOOKUP(E41,Sheet1!B:B,Sheet1!A:A) -> #N/A | H41: 100.121.18.40 | I41: =_xlfn.XLOOKUP(H41,Sheet1!B:B,Sheet1!A:A) -> #N/A | J41: VDI-DB 849 | K41: 100.121.19.40 | L41: =_xlfn.XLOOKUP(K41,Sheet1!B:B,Sheet1!A:A) -> #N/A | M41: VDI_DHCP 891 | N41: 100.121.20.40 | O41: =_xlfn.XLOOKUP(N41,Sheet1!B:B,Sheet1!A:A) -> #N/A | Q41: 100.121.21.40 | R41: =_xlfn.XLOOKUP(Q41,Sheet1!B:B,Sheet1!A:A) -> #N/A | S41: APP2 901 | T41: 100.121.23.40 | U41: =_xlfn.XLOOKUP(T41,Sheet1!B:B,Sheet1!A:A) -> #N/A | W41: 100.121.25.40 | X41: =_xlfn.XLOOKUP(W41,Sheet1!B:B,Sheet1!A:A) -> #N/A | Y41: DSD 905 | Z41: 100.121.28.40 | AA41: =_xlfn.XLOOKUP(Z41,Sheet1!B:B,Sheet1!A:A) -> #N/A | AB41: NAT_SUB 908 | AC41: 100.121.29.40 | AD41: =_xlfn.XLOOKUP(AC41,Sheet1!B:B,Sheet1!A:A) -> SuiteCRMDC_APP
B42: 100.121.16.41 | C42: =_xlfn.XLOOKUP(B42,Sheet1!B:B,Sheet1!A:A) -> #N/A | D42: WEBJAP 858 | E42: 100.121.17.41 | F42: =_xlfn.XLOOKUP(E42,Sheet1!B:B,Sheet1!A:A) -> PRYJ_WEB_VIP_DC | H42: 100.121.18.41 | I42: =_xlfn.XLOOKUP(H42,Sheet1!B:B,Sheet1!A:A) -> #N/A | J42: VDI-DB 849 | K42: 100.121.19.41 | L42: =_xlfn.XLOOKUP(K42,Sheet1!B:B,Sheet1!A:A) -> #N/A | M42: VDI_DHCP 891 | N42: 100.121.20.41 | O42: =_xlfn.XLOOKUP(N42,Sheet1!B:B,Sheet1!A:A) -> #N/A | Q42: 100.121.21.41 | R42: =_xlfn.XLOOKUP(Q42,Sheet1!B:B,Sheet1!A:A) -> #N/A | S42: APP2 901 | T42: 100.121.23.41 | U42: =_xlfn.XLOOKUP(T42,Sheet1!B:B,Sheet1!A:A) -> #N/A | W42: 100.121.25.41 | X42: =_xlfn.XLOOKUP(W42,Sheet1!B:B,Sheet1!A:A) -> #N/A | Y42: DSD 905 | Z42: 100.121.28.41 | AA42: =_xlfn.XLOOKUP(Z42,Sheet1!B:B,Sheet1!A:A) -> #N/A | AB42: NAT_SUB 908 | AC42: 100.121.29.41 | AD42: =_xlfn.XLOOKUP(AC42,Sheet1!B:B,Sheet1!A:A) -> SuiteCRMDC_Web
B43: 100.121.16.42 | C43: =_xlfn.XLOOKUP(B43,Sheet1!B:B,Sheet1!A:A) -> #N/A | D43: WEBJAP 858 | E43: 100.121.17.42 | F43: =_xlfn.XLOOKUP(E43,Sheet1!B:B,Sheet1!A:A) -> acalvio | H43: 100.121.18.42 | I43: =_xlfn.XLOOKUP(H43,Sheet1!B:B,Sheet1!A:A) -> #N/A | J43: VDI-DB 849 | K43: 100.121.19.42 | L43: =_xlfn.XLOOKUP(K43,Sheet1!B:B,Sheet1!A:A) -> #N/A | M43: VDI_DHCP 891 | N43: 100.121.20.42 | O43: =_xlfn.XLOOKUP(N43,Sheet1!B:B,Sheet1!A:A) -> #N/A | Q43: 100.121.21.42 | R43: =_xlfn.XLOOKUP(Q43,Sheet1!B:B,Sheet1!A:A) -> #N/A | S43: APP2 901 | T43: 100.121.23.42 | U43: =_xlfn.XLOOKUP(T43,Sheet1!B:B,Sheet1!A:A) -> MUMSBMSVNAPP | W43: 100.121.25.42 | X43: =_xlfn.XLOOKUP(W43,Sheet1!B:B,Sheet1!A:A) -> #N/A | Y43: DSD 905 | Z43: 100.121.28.42 | AA43: =_xlfn.XLOOKUP(Z43,Sheet1!B:B,Sheet1!A:A) -> #N/A | AB43: NAT_SUB 908 | AC43: 100.121.29.42 | AD43: =_xlfn.XLOOKUP(AC43,Sheet1!B:B,Sheet1!A:A) -> #N/A
B44: 100.121.16.43 | C44: =_xlfn.XLOOKUP(B44,Sheet1!B:B,Sheet1!A:A) -> #N/A | D44: WEBJAP 858 | E44: 100.121.17.43 | F44: =_xlfn.XLOOKUP(E44,Sheet1!B:B,Sheet1!A:A) -> MUMSBMPRYJWEB01 | H44: 100.121.18.43 | I44: =_xlfn.XLOOKUP(H44,Sheet1!B:B,Sheet1!A:A) -> #N/A | J44: VDI-DB 849 | K44: 100.121.19.43 | L44: =_xlfn.XLOOKUP(K44,Sheet1!B:B,Sheet1!A:A) -> #N/A | M44: VDI_DHCP 891 | N44: 100.121.20.43 | O44: =_xlfn.XLOOKUP(N44,Sheet1!B:B,Sheet1!A:A) -> #N/A | Q44: 100.121.21.43 | R44: =_xlfn.XLOOKUP(Q44,Sheet1!B:B,Sheet1!A:A) -> #N/A | S44: APP2 901 | T44: 100.121.23.43 | U44: =_xlfn.XLOOKUP(T44,Sheet1!B:B,Sheet1!A:A) -> MUMSBMCBFWEB01 | W44: 100.121.25.43 | X44: =_xlfn.XLOOKUP(W44,Sheet1!B:B,Sheet1!A:A) -> #N/A | Y44: DSD 905 | Z44: 100.121.28.43 | AA44: =_xlfn.XLOOKUP(Z44,Sheet1!B:B,Sheet1!A:A) -> #N/A | AB44: NAT_SUB 908 | AC44: 100.121.29.43 | AD44: =_xlfn.XLOOKUP(AC44,Sheet1!B:B,Sheet1!A:A) -> #N/A
B45: 100.121.16.44 | C45: =_xlfn.XLOOKUP(B45,Sheet1!B:B,Sheet1!A:A) -> #N/A | D45: WEBJAP 858 | E45: 100.121.17.44 | F45: =_xlfn.XLOOKUP(E45,Sheet1!B:B,Sheet1!A:A) -> MUMSBMPRYJWEB02 | H45: 100.121.18.44 | I45: =_xlfn.XLOOKUP(H45,Sheet1!B:B,Sheet1!A:A) -> #N/A | J45: VDI-DB 849 | K45: 100.121.19.44 | L45: =_xlfn.XLOOKUP(K45,Sheet1!B:B,Sheet1!A:A) -> Reserved for Acalvio | M45: VDI_DHCP 891 | N45: 100.121.20.44 | O45: =_xlfn.XLOOKUP(N45,Sheet1!B:B,Sheet1!A:A) -> #N/A | Q45: 100.121.21.44 | R45: =_xlfn.XLOOKUP(Q45,Sheet1!B:B,Sheet1!A:A) -> #N/A | S45: APP2 901 | T45: 100.121.23.44 | U45: =_xlfn.XLOOKUP(T45,Sheet1!B:B,Sheet1!A:A) -> MUMSBMAPIAPP01 | W45: 100.121.25.44 | X45: =_xlfn.XLOOKUP(W45,Sheet1!B:B,Sheet1!A:A) -> #N/A | Y45: DSD 905 | Z45: 100.121.28.44 | AA45: =_xlfn.XLOOKUP(Z45,Sheet1!B:B,Sheet1!A:A) -> #N/A | AB45: NAT_SUB 908 | AC45: 100.121.29.44 | AD45: =_xlfn.XLOOKUP(AC45,Sheet1!B:B,Sheet1!A:A) -> #N/A
... B48: 100.121.16.47 | C48: =_xlfn.XLOOKUP(B48,Sheet1!B:B,Sheet1!A:A) -> #N/A | D48: WEBJAP 858 | E48: 100.121.17.47 | F48: =_xlfn.XLOOKUP(E48,Sheet1!B:B,Sheet1!A:A) -> #N/A | H48: 100.121.18.47 | I48: =_xlfn.XLOOKUP(H48,Sheet1!B:B,Sheet1!A:A) -> #N/A | J48: VDI-DB 849 | K48: 100.121.19.47 | L48: =_xlfn.XLOOKUP(K48,Sheet1!B:B,Sheet1!A:A) -> #N/A | M48: VDI_DHCP 891 | N48: 100.121.20.47 | O48: =_xlfn.XLOOKUP(N48,Sheet1!B:B,Sheet1!A:A) -> #N/A | Q48: 100.121.21.47 | R48: =_xlfn.XLOOKUP(Q48,Sheet1!B:B,Sheet1!A:A) -> #N/A | S48: APP2 901 | T48: 100.121.23.47 | U48: =_xlfn.XLOOKUP(T48,Sheet1!B:B,Sheet1!A:A) -> MUMSBMVAMCPSAPP1 | W48: 100.121.25.47 | X48: =_xlfn.XLOOKUP(W48,Sheet1!B:B,Sheet1!A:A) -> #N/A | Y48: DSD 905 | Z48: 100.121.28.47 | AA48: =_xlfn.XLOOKUP(Z48,Sheet1!B:B,Sheet1!A:A) -> #N/A | AB48: NAT_SUB 908 | AC48: 100.121.29.47 | AD48: =_xlfn.XLOOKUP(AC48,Sheet1!B:B,Sheet1!A:A) -> #N/A
B49: 100.121.16.48 | C49: =_xlfn.XLOOKUP(B49,Sheet1!B:B,Sheet1!A:A) -> #N/A | D49: WEBJAP 858 | E49: 100.121.17.48 | F49: =_xlfn.XLOOKUP(E49,Sheet1!B:B,Sheet1!A:A) -> acalvio | H49: 100.121.18.48 | I49: =_xlfn.XLOOKUP(H49,Sheet1!B:B,Sheet1!A:A) -> #N/A | K49: 100.121.19.48 | L49: =_xlfn.XLOOKUP(K49,Sheet1!B:B,Sheet1!A:A) -> #N/A | M49: VDI_DHCP 891 | N49: 100.121.20.48 | O49: =_xlfn.XLOOKUP(N49,Sheet1!B:B,Sheet1!A:A) -> #N/A | Q49: 100.121.21.48 | R49: =_xlfn.XLOOKUP(Q49,Sheet1!B:B,Sheet1!A:A) -> #N/A | S49: APP2 901 | T49: 100.121.23.48 | U49: =_xlfn.XLOOKUP(T49,Sheet1!B:B,Sheet1!A:A) -> MUMSBMVMCPSAPP2 | W49: 100.121.25.48 | X49: =_xlfn.XLOOKUP(W49,Sheet1!B:B,Sheet1!A:A) -> #N/A | Y49: DSD 905 | Z49: 100.121.28.48 | AA49: =_xlfn.XLOOKUP(Z49,Sheet1!B:B,Sheet1!A:A) -> #N/A | AB49: NAT_SUB 908 | AC49: 100.121.29.48 | AD49: =_xlfn.XLOOKUP(AC49,Sheet1!B:B,Sheet1!A:A) -> #N/A
B50: 100.121.16.49 | C50: =_xlfn.XLOOKUP(B50,Sheet1!B:B,Sheet1!A:A) -> #N/A | D50: WEBJAP 858 | E50: 100.121.17.49 | F50: =_xlfn.XLOOKUP(E50,Sheet1!B:B,Sheet1!A:A) -> MUMSBMTCPAPP | H50: 100.121.18.49 | I50: =_xlfn.XLOOKUP(H50,Sheet1!B:B,Sheet1!A:A) -> #N/A | K50: 100.121.19.49 | L50: =_xlfn.XLOOKUP(K50,Sheet1!B:B,Sheet1!A:A) -> #N/A | M50: VDI_DHCP 891 | N50: 100.121.20.49 | O50: =_xlfn.XLOOKUP(N50,Sheet1!B:B,Sheet1!A:A) -> #N/A | Q50: 100.121.21.49 | R50: =_xlfn.XLOOKUP(Q50,Sheet1!B:B,Sheet1!A:A) -> #N/A | S50: APP2 901 | T50: 100.121.23.49 | U50: =_xlfn.XLOOKUP(T50,Sheet1!B:B,Sheet1!A:A) -> MUMSBMVAMAPP1 | W50: 100.121.25.49 | X50: =_xlfn.XLOOKUP(W50,Sheet1!B:B,Sheet1!A:A) -> #N/A | Y50: DSD 905 | Z50: 100.121.28.49 | AA50: =_xlfn.XLOOKUP(Z50,Sheet1!B:B,Sheet1!A:A) -> #N/A | AB50: NAT_SUB 908 | AC50: 100.121.29.49 | AD50: =_xlfn.XLOOKUP(AC50,Sheet1!B:B,Sheet1!A:A) -> #N/A
B51: 100.121.16.50 | C51: =_xlfn.XLOOKUP(B51,Sheet1!B:B,Sheet1!A:A) -> #N/A | D51: WEBJAP 858 | E51: 100.121.17.50 | F51: =_xlfn.XLOOKUP(E51,Sheet1!B:B,Sheet1!A:A) -> #N/A | H51: 100.121.18.50 | I51: =_xlfn.XLOOKUP(H51,Sheet1!B:B,Sheet1!A:A) -> #N/A | K51: 100.121.19.50 | L51: =_xlfn.XLOOKUP(K51,Sheet1!B:B,Sheet1!A:A) -> #N/A | M51: VDI_DHCP 891 | N51: 100.121.20.50 | O51: =_xlfn.XLOOKUP(N51,Sheet1!B:B,Sheet1!A:A) -> #N/A | Q51: 100.121.21.50 | R51: =_xlfn.XLOOKUP(Q51,Sheet1!B:B,Sheet1!A:A) -> #N/A | S51: APP2 901 | T51: 100.121.23.50 | U51: =_xlfn.XLOOKUP(T51,Sheet1!B:B,Sheet1!A:A) -> MUMSBMVAMAPP2 | W51: 100.121.25.50 | X51: =_xlfn.XLOOKUP(W51,Sheet1!B:B,Sheet1!A:A) -> #N/A | Y51: DSD 905 | Z51: 100.121.28.50 | AA51: =_xlfn.XLOOKUP(Z51,Sheet1!B:B,Sheet1!A:A) -> #N/A | AB51: NAT_SUB 908 | AC51: 100.121.29.50 | AD51: =_xlfn.XLOOKUP(AC51,Sheet1!B:B,Sheet1!A:A) -> #N/A
B52: 100.121.16.51 | C52: =_xlfn.XLOOKUP(B52,Sheet1!B:B,Sheet1!A:A) -> #N/A | D52: WEBJAP 858 | E52: 100.121.17.51 | F52: =_xlfn.XLOOKUP(E52,Sheet1!B:B,Sheet1!A:A) -> #N/A | H52: 100.121.18.51 | I52: =_xlfn.XLOOKUP(H52,Sheet1!B:B,Sheet1!A:A) -> #N/A | K52: 100.121.19.51 | L52: =_xlfn.XLOOKUP(K52,Sheet1!B:B,Sheet1!A:A) -> #N/A | M52: VDI_DHCP 891 | N52: 100.121.20.51 | O52: =_xlfn.XLOOKUP(N52,Sheet1!B:B,Sheet1!A:A) -> #N/A | Q52: 100.121.21.51 | R52: =_xlfn.XLOOKUP(Q52,Sheet1!B:B,Sheet1!A:A) -> #N/A | S52: APP2 901 | T52: 100.121.23.51 | U52: =_xlfn.XLOOKUP(T52,Sheet1!B:B,Sheet1!A:A) -> MUMSBMAEAPP | W52: 100.121.25.51 | X52: =_xlfn.XLOOKUP(W52,Sheet1!B:B,Sheet1!A:A) -> #N/A | Y52: DSD 905 | Z52: 100.121.28.51 | AA52: =_xlfn.XLOOKUP(Z52,Sheet1!B:B,Sheet1!A:A) -> #N/A | AB52: NAT_SUB 908 | AC52: 100.121.29.51 | AD52: =_xlfn.XLOOKUP(AC52,Sheet1!B:B,Sheet1!A:A) -> #N/A
B53: 100.121.16.52 | C53: =_xlfn.XLOOKUP(B53,Sheet1!B:B,Sheet1!A:A) -> #N/A | D53: WEBJAP 858 | E53: 100.121.17.52 | F53: =_xlfn.XLOOKUP(E53,Sheet1!B:B,Sheet1!A:A) -> #N/A | H53: 100.121.18.52 | I53: =_xlfn.XLOOKUP(H53,Sheet1!B:B,Sheet1!A:A) -> #N/A | K53: 100.121.19.52 | L53: =_xlfn.XLOOKUP(K53,Sheet1!B:B,Sheet1!A:A) -> #N/A | M53: VDI_DHCP 891 | N53: 100.121.20.52 | O53: =_xlfn.XLOOKUP(N53,Sheet1!B:B,Sheet1!A:A) -> #N/A | Q53: 100.121.21.52 | R53: =_xlfn.XLOOKUP(Q53,Sheet1!B:B,Sheet1!A:A) -> #N/A | S53: APP2 901 | T53: 100.121.23.52 | U53: =_xlfn.XLOOKUP(T53,Sheet1!B:B,Sheet1!A:A) -> MUMSBMAEPR | W53: 100.121.25.52 | X53: =_xlfn.XLOOKUP(W53,Sheet1!B:B,Sheet1!A:A) -> #N/A | Y53: DSD 905 | Z53: 100.121.28.52 | AA53: =_xlfn.XLOOKUP(Z53,Sheet1!B:B,Sheet1!A:A) -> #N/A | AB53: NAT_SUB 908 | AC53: 100.121.29.52 | AD53: =_xlfn.XLOOKUP(AC53,Sheet1!B:B,Sheet1!A:A) -> #N/A
B54: 100.121.16.53 | C54: =_xlfn.XLOOKUP(B54,Sheet1!B:B,Sheet1!A:A) -> #N/A | D54: WEBJAP 858 | E54: 100.121.17.53 | F54: =_xlfn.XLOOKUP(E54,Sheet1!B:B,Sheet1!A:A) -> SMARTBANKING_PublicNAT | H54: 100.121.18.53 | I54: =_xlfn.XLOOKUP(H54,Sheet1!B:B,Sheet1!A:A) -> #N/A | K54: 100.121.19.53 | L54: =_xlfn.XLOOKUP(K54,Sheet1!B:B,Sheet1!A:A) -> #N/A | M54: VDI_DHCP 891 | N54: 100.121.20.53 | O54: =_xlfn.XLOOKUP(N54,Sheet1!B:B,Sheet1!A:A) -> #N/A | Q54: 100.121.21.53 | R54: =_xlfn.XLOOKUP(Q54,Sheet1!B:B,Sheet1!A:A) -> #N/A | S54: APP2 901 | T54: 100.121.23.53 | U54: =_xlfn.XLOOKUP(T54,Sheet1!B:B,Sheet1!A:A) -> MUMSBMSEQAPP02 | W54: 100.121.25.53 | X54: =_xlfn.XLOOKUP(W54,Sheet1!B:B,Sheet1!A:A) -> #N/A | Y54: DSD 905 | Z54: 100.121.28.53 | AA54: =_xlfn.XLOOKUP(Z54,Sheet1!B:B,Sheet1!A:A) -> #N/A | AB54: NAT_SUB 908 | AC54: 100.121.29.53 | AD54: =_xlfn.XLOOKUP(AC54,Sheet1!B:B,Sheet1!A:A) -> #N/A
B55: 100.121.16.54 | C55: =_xlfn.XLOOKUP(B55,Sheet1!B:B,Sheet1!A:A) -> #N/A | D55: WEBJAP 858 | E55: 100.121.17.54 | F55: =_xlfn.XLOOKUP(E55,Sheet1!B:B,Sheet1!A:A) -> MUMSBMTMGW | H55: 100.121.18.54 | I55: =_xlfn.XLOOKUP(H55,Sheet1!B:B,Sheet1!A:A) -> #N/A | K55: 100.121.19.54 | L55: =_xlfn.XLOOKUP(K55,Sheet1!B:B,Sheet1!A:A) -> #N/A | M55: VDI_DHCP 891 | N55: 100.121.20.54 | O55: =_xlfn.XLOOKUP(N55,Sheet1!B:B,Sheet1!A:A) -> #N/A | Q55: 100.121.21.54 | R55: =_xlfn.XLOOKUP(Q55,Sheet1!B:B,Sheet1!A:A) -> #N/A | S55: APP2 901 | T55: 100.121.23.54 | U55: =_xlfn.XLOOKUP(T55,Sheet1!B:B,Sheet1!A:A) -> MUMSBMSCFRPT | W55: 100.121.25.54 | X55: =_xlfn.XLOOKUP(W55,Sheet1!B:B,Sheet1!A:A) -> #N/A | Y55: DSD 905 | Z55: 100.121.28.54 | AA55: =_xlfn.XLOOKUP(Z55,Sheet1!B:B,Sheet1!A:A) -> #N/A | AB55: NAT_SUB 908 | AC55: 100.121.29.54 | AD55: =_xlfn.XLOOKUP(AC55,Sheet1!B:B,Sheet1!A:A) -> #N/A
B56: 100.121.16.55 | C56: =_xlfn.XLOOKUP(B56,Sheet1!B:B,Sheet1!A:A) -> #N/A | D56: WEBJAP 858 | E56: 100.121.17.55 | F56: =_xlfn.XLOOKUP(E56,Sheet1!B:B,Sheet1!A:A) -> #N/A | H56: 100.121.18.55 | I56: =_xlfn.XLOOKUP(H56,Sheet1!B:B,Sheet1!A:A) -> #N/A | K56: 100.121.19.55 | L56: =_xlfn.XLOOKUP(K56,Sheet1!B:B,Sheet1!A:A) -> #N/A | M56: VDI_DHCP 891 | N56: 100.121.20.55 | O56: =_xlfn.XLOOKUP(N56,Sheet1!B:B,Sheet1!A:A) -> #N/A | Q56: 100.121.21.55 | R56: =_xlfn.XLOOKUP(Q56,Sheet1!B:B,Sheet1!A:A) -> #N/A | S56: APP2 901 | T56: 100.121.23.55 | U56: =_xlfn.XLOOKUP(T56,Sheet1!B:B,Sheet1!A:A) -> MUMSBMSFTP | W56: 100.121.25.55 | X56: =_xlfn.XLOOKUP(W56,Sheet1!B:B,Sheet1!A:A) -> #N/A | Y56: DSD 905 | Z56: 100.121.28.55 | AA56: =_xlfn.XLOOKUP(Z56,Sheet1!B:B,Sheet1!A:A) -> #N/A | AB56: NAT_SUB 908 | AC56: 100.121.29.55 | AD56: =_xlfn.XLOOKUP(AC56,Sheet1!B:B,Sheet1!A:A) -> #N/A
B57: 100.121.16.56 | C57: =_xlfn.XLOOKUP(B57,Sheet1!B:B,Sheet1!A:A) -> #N/A | D57: WEBJAP 858 | E57: 100.121.17.56 | F57: =_xlfn.XLOOKUP(E57,Sheet1!B:B,Sheet1!A:A) -> #N/A | H57: 100.121.18.56 | I57: =_xlfn.XLOOKUP(H57,Sheet1!B:B,Sheet1!A:A) -> #N/A | K57: 100.121.19.56 | L57: =_xlfn.XLOOKUP(K57,Sheet1!B:B,Sheet1!A:A) -> #N/A | M57: VDI_DHCP 891 | N57: 100.121.20.56 | O57: =_xlfn.XLOOKUP(N57,Sheet1!B:B,Sheet1!A:A) -> #N/A | Q57: 100.121.21.56 | R57: =_xlfn.XLOOKUP(Q57,Sheet1!B:B,Sheet1!A:A) -> #N/A | S57: APP2 901 | T57: 100.121.23.56 | U57: =_xlfn.XLOOKUP(T57,Sheet1!B:B,Sheet1!A:A) -> #N/A | W57: 100.121.25.56 | X57: =_xlfn.XLOOKUP(W57,Sheet1!B:B,Sheet1!A:A) -> #N/A | Y57: DSD 905 | Z57: 100.121.28.56 | AA57: =_xlfn.XLOOKUP(Z57,Sheet1!B:B,Sheet1!A:A) -> #N/A | AB57: NAT_SUB 908 | AC57: 100.121.29.56 | AD57: =_xlfn.XLOOKUP(AC57,Sheet1!B:B,Sheet1!A:A) -> #N/A
B58: 100.121.16.57 | C58: =_xlfn.XLOOKUP(B58,Sheet1!B:B,Sheet1!A:A) -> #N/A | D58: WEBJAP 858 | E58: 100.121.17.57 | F58: =_xlfn.XLOOKUP(E58,Sheet1!B:B,Sheet1!A:A) -> #N/A | H58: 100.121.18.57 | I58: =_xlfn.XLOOKUP(H58,Sheet1!B:B,Sheet1!A:A) -> #N/A | K58: 100.121.19.57 | L58: =_xlfn.XLOOKUP(K58,Sheet1!B:B,Sheet1!A:A) -> #N/A | M58: VDI_DHCP 891 | N58: 100.121.20.57 | O58: =_xlfn.XLOOKUP(N58,Sheet1!B:B,Sheet1!A:A) -> #N/A | Q58: 100.121.21.57 | R58: =_xlfn.XLOOKUP(Q58,Sheet1!B:B,Sheet1!A:A) -> #N/A | S58: APP2 901 | T58: 100.121.23.57 | U58: =_xlfn.XLOOKUP(T58,Sheet1!B:B,Sheet1!A:A) -> MUMSBMTSCAPP01 | W58: 100.121.25.57 | X58: =_xlfn.XLOOKUP(W58,Sheet1!B:B,Sheet1!A:A) -> #N/A | Y58: DSD 905 | Z58: 100.121.28.57 | AA58: =_xlfn.XLOOKUP(Z58,Sheet1!B:B,Sheet1!A:A) -> #N/A | AB58: NAT_SUB 908 | AC58: 100.121.29.57 | AD58: =_xlfn.XLOOKUP(AC58,Sheet1!B:B,Sheet1!A:A) -> #N/A
B59: 100.121.16.58 | C59: =_xlfn.XLOOKUP(B59,Sheet1!B:B,Sheet1!A:A) -> #N/A | D59: WEBJAP 858 | E59: 100.121.17.58 | F59: =_xlfn.XLOOKUP(E59,Sheet1!B:B,Sheet1!A:A) -> #N/A | H59: 100.121.18.58 | I59: =_xlfn.XLOOKUP(H59,Sheet1!B:B,Sheet1!A:A) -> #N/A | K59: 100.121.19.58 | L59: =_xlfn.XLOOKUP(K59,Sheet1!B:B,Sheet1!A:A) -> #N/A | M59: VDI_DHCP 891 | N59: 100.121.20.58 | O59: =_xlfn.XLOOKUP(N59,Sheet1!B:B,Sheet1!A:A) -> #N/A | Q59: 100.121.21.58 | R59: =_xlfn.XLOOKUP(Q59,Sheet1!B:B,Sheet1!A:A) -> #N/A | S59: APP2 901 | T59: 100.121.23.58 | U59: =_xlfn.XLOOKUP(T59,Sheet1!B:B,Sheet1!A:A) -> acalvio Management | W59: 100.121.25.58 | X59: =_xlfn.XLOOKUP(W59,Sheet1!B:B,Sheet1!A:A) -> #N/A | Y59: DSD 905 | Z59: 100.121.28.58 | AA59: =_xlfn.XLOOKUP(Z59,Sheet1!B:B,Sheet1!A:A) -> #N/A | AB59: NAT_SUB 908 | AC59: 100.121.29.58 | AD59: =_xlfn.XLOOKUP(AC59,Sheet1!B:B,Sheet1!A:A) -> #N/A
B60: 100.121.16.59 | C60: =_xlfn.XLOOKUP(B60,Sheet1!B:B,Sheet1!A:A) -> #N/A | D60: WEBJAP 858 | E60: 100.121.17.59 | F60: =_xlfn.XLOOKUP(E60,Sheet1!B:B,Sheet1!A:A) -> #N/A | H60: 100.121.18.59 | I60: =_xlfn.XLOOKUP(H60,Sheet1!B:B,Sheet1!A:A) -> #N/A | K60: 100.121.19.59 | L60: =_xlfn.XLOOKUP(K60,Sheet1!B:B,Sheet1!A:A) -> #N/A | M60: VDI_DHCP 891 | N60: 100.121.20.59 | O60: =_xlfn.XLOOKUP(N60,Sheet1!B:B,Sheet1!A:A) -> #N/A | Q60: 100.121.21.59 | R60: =_xlfn.XLOOKUP(Q60,Sheet1!B:B,Sheet1!A:A) -> #N/A | S60: APP2 901 | T60: 100.121.23.59 | U60: =_xlfn.XLOOKUP(T60,Sheet1!B:B,Sheet1!A:A) -> MUMSBMNVSAPP01 | W60: 100.121.25.59 | X60: =_xlfn.XLOOKUP(W60,Sheet1!B:B,Sheet1!A:A) -> #N/A | Y60: DSD 905 | Z60: 100.121.28.59 | AA60: =_xlfn.XLOOKUP(Z60,Sheet1!B:B,Sheet1!A:A) -> #N/A | AB60: NAT_SUB 908 | AC60: 100.121.29.59 | AD60: =_xlfn.XLOOKUP(AC60,Sheet1!B:B,Sheet1!A:A) -> #N/A
... B65: 100.121.16.64 | C65: =_xlfn.XLOOKUP(B65,Sheet1!B:B,Sheet1!A:A) -> #N/A | D65: WEBJAP 858 | E65: 100.121.17.64 | F65: =_xlfn.XLOOKUP(E65,Sheet1!B:B,Sheet1!A:A) -> #N/A | H65: 100.121.18.64 | I65: =_xlfn.XLOOKUP(H65,Sheet1!B:B,Sheet1!A:A) -> #N/A | K65: 100.121.19.64 | L65: =_xlfn.XLOOKUP(K65,Sheet1!B:B,Sheet1!A:A) -> #N/A | M65: VDI_DHCP 891 | N65: 100.121.20.64 | O65: =_xlfn.XLOOKUP(N65,Sheet1!B:B,Sheet1!A:A) -> #N/A | Q65: 100.121.21.64 | R65: =_xlfn.XLOOKUP(Q65,Sheet1!B:B,Sheet1!A:A) -> #N/A | S65: DB2 878 | T65: 100.121.23.64 | U65: =_xlfn.XLOOKUP(T65,Sheet1!B:B,Sheet1!A:A) -> #N/A | W65: 100.121.25.64 | X65: =_xlfn.XLOOKUP(W65,Sheet1!B:B,Sheet1!A:A) -> #N/A | Y65: DSD 905 | Z65: 100.121.28.64 | AA65: =_xlfn.XLOOKUP(Z65,Sheet1!B:B,Sheet1!A:A) -> #N/A | AB65: NAT_SUB 908 | AC65: 100.121.29.64 | AD65: =_xlfn.XLOOKUP(AC65,Sheet1!B:B,Sheet1!A:A) -> #N/A
A66: DB 851 | B66: 100.121.16.65 | C66: =_xlfn.XLOOKUP(B66,Sheet1!B:B,Sheet1!A:A) -> MUM-MHS-SBM-FW01 | D66: WEB-E 859 | E66: 100.121.17.65 | F66: =_xlfn.XLOOKUP(E66,Sheet1!B:B,Sheet1!A:A) -> BKC-SBM-MHS-EXT-FGT-FW01 \ FW02 | G66: DB1 876 | H66: 100.121.18.65 | I66: =_xlfn.XLOOKUP(H66,Sheet1!B:B,Sheet1!A:A) -> vlan 876 | J66: VDI_ZABBIX 911 | K66: 100.121.19.65 | L66: =_xlfn.XLOOKUP(K66,Sheet1!B:B,Sheet1!A:A) -> #N/A | M66: VDI_DHCP 891 | N66: 100.121.20.65 | O66: =_xlfn.XLOOKUP(N66,Sheet1!B:B,Sheet1!A:A) -> #N/A | P66: AD_PROD 867 | Q66: 100.121.21.65 | R66: =_xlfn.XLOOKUP(Q66,Sheet1!B:B,Sheet1!A:A) -> vlan 867 | S66: DB2 878 | T66: 100.121.23.65 | U66: =_xlfn.XLOOKUP(T66,Sheet1!B:B,Sheet1!A:A) -> vlan 878 | W66: 100.121.25.65 | X66: =_xlfn.XLOOKUP(W66,Sheet1!B:B,Sheet1!A:A) -> #N/A | Y66: DSD 905 | Z66: 100.121.28.65 | AA66: =_xlfn.XLOOKUP(Z66,Sheet1!B:B,Sheet1!A:A) -> #N/A | AB66: NAT_SUB 908 | AC66: 100.121.29.65 | AD66: =_xlfn.XLOOKUP(AC66,Sheet1!B:B,Sheet1!A:A) -> #N/A
A67: DB 851 | B67: 100.121.16.66 | C67: =_xlfn.XLOOKUP(B67,Sheet1!B:B,Sheet1!A:A) -> MUM-MHS-SBM-FW02 | D67: WEB-E 859 | E67: 100.121.17.66 | F67: =_xlfn.XLOOKUP(E67,Sheet1!B:B,Sheet1!A:A) -> MUMSBMTCPWEB_443 | G67: DB1 876 | H67: 100.121.18.66 | I67: =_xlfn.XLOOKUP(H67,Sheet1!B:B,Sheet1!A:A) -> vlan 876_standby | J67: VDI_ZABBIX 911 | K67: 100.121.19.66 | L67: =_xlfn.XLOOKUP(K67,Sheet1!B:B,Sheet1!A:A) -> #N/A | M67: VDI_DHCP 891 | N67: 100.121.20.66 | O67: =_xlfn.XLOOKUP(N67,Sheet1!B:B,Sheet1!A:A) -> #N/A | P67: AD_PROD 867 | Q67: 100.121.21.66 | R67: =_xlfn.XLOOKUP(Q67,Sheet1!B:B,Sheet1!A:A) -> vlan 867_standby | S67: DB2 878 | T67: 100.121.23.66 | U67: =_xlfn.XLOOKUP(T67,Sheet1!B:B,Sheet1!A:A) -> vlan 878_standby | W67: 100.121.25.66 | X67: =_xlfn.XLOOKUP(W67,Sheet1!B:B,Sheet1!A:A) -> #N/A | Y67: DSD 905 | Z67: 100.121.28.66 | AA67: =_xlfn.XLOOKUP(Z67,Sheet1!B:B,Sheet1!A:A) -> #N/A | AB67: NAT_SUB 908 | AC67: 100.121.29.66 | AD67: =_xlfn.XLOOKUP(AC67,Sheet1!B:B,Sheet1!A:A) -> #N/A
A68: DB 851 | B68: 100.121.16.67 | C68: =_xlfn.XLOOKUP(B68,Sheet1!B:B,Sheet1!A:A) -> acalvio | D68: WEB-E 859 | E68: 100.121.17.67 | F68: =_xlfn.XLOOKUP(E68,Sheet1!B:B,Sheet1!A:A) -> #N/A | G68: DB1 876 | H68: 100.121.18.67 | I68: =_xlfn.XLOOKUP(H68,Sheet1!B:B,Sheet1!A:A) -> MUMSBMTRDDB1 | J68: VDI_ZABBIX 911 | K68: 100.121.19.67 | L68: =_xlfn.XLOOKUP(K68,Sheet1!B:B,Sheet1!A:A) -> #N/A | M68: VDI_DHCP 891 | N68: 100.121.20.67 | O68: =_xlfn.XLOOKUP(N68,Sheet1!B:B,Sheet1!A:A) -> #N/A | P68: AD_PROD 867 | Q68: 100.121.21.67 | R68: =_xlfn.XLOOKUP(Q68,Sheet1!B:B,Sheet1!A:A) -> MUMSBMADS3_reserved | S68: DB2 878 | T68: 100.121.23.67 | U68: =_xlfn.XLOOKUP(T68,Sheet1!B:B,Sheet1!A:A) -> MUMSBMAPIDB01 | W68: 100.121.25.67 | X68: =_xlfn.XLOOKUP(W68,Sheet1!B:B,Sheet1!A:A) -> #N/A | Y68: DSD 905 | Z68: 100.121.28.67 | AA68: =_xlfn.XLOOKUP(Z68,Sheet1!B:B,Sheet1!A:A) -> #N/A | AB68: NAT_SUB 908 | AC68: 100.121.29.67 | AD68: =_xlfn.XLOOKUP(AC68,Sheet1!B:B,Sheet1!A:A) -> #N/A
A69: DB 851 | B69: 100.121.16.68 | C69: =_xlfn.XLOOKUP(B69,Sheet1!B:B,Sheet1!A:A) -> MUMSBMEWSDB | D69: WEB-E 859 | E69: 100.121.17.68 | F69: =_xlfn.XLOOKUP(E69,Sheet1!B:B,Sheet1!A:A) -> #N/A | G69: DB1 876 | H69: 100.121.18.68 | I69: =_xlfn.XLOOKUP(H69,Sheet1!B:B,Sheet1!A:A) -> MUMSBMKDMDB | J69: VDI_ZABBIX 911 | K69: 100.121.19.68 | L69: =_xlfn.XLOOKUP(K69,Sheet1!B:B,Sheet1!A:A) -> #N/A | M69: VDI_DHCP 891 | N69: 100.121.20.68 | O69: =_xlfn.XLOOKUP(N69,Sheet1!B:B,Sheet1!A:A) -> #N/A | P69: AD_PROD 867 | Q69: 100.121.21.68 | R69: =_xlfn.XLOOKUP(Q69,Sheet1!B:B,Sheet1!A:A) -> #N/A | S69: DB2 878 | T69: 100.121.23.68 | U69: =_xlfn.XLOOKUP(T69,Sheet1!B:B,Sheet1!A:A) -> MUMSBMAPIDB02 | W69: 100.121.25.68 | X69: =_xlfn.XLOOKUP(W69,Sheet1!B:B,Sheet1!A:A) -> #N/A | Y69: DSD 905 | Z69: 100.121.28.68 | AA69: =_xlfn.XLOOKUP(Z69,Sheet1!B:B,Sheet1!A:A) -> #N/A | AB69: NAT_SUB 908 | AC69: 100.121.29.68 | AD69: =_xlfn.XLOOKUP(AC69,Sheet1!B:B,Sheet1!A:A) -> #N/A
A70: DB 851 | B70: 100.121.16.69 | C70: =_xlfn.XLOOKUP(B70,Sheet1!B:B,Sheet1!A:A) -> MUMSBMARCDB02 | D70: WEB-E 859 | E70: 100.121.17.69 | F70: =_xlfn.XLOOKUP(E70,Sheet1!B:B,Sheet1!A:A) -> #N/A | G70: DB1 876 | H70: 100.121.18.69 | I70: =_xlfn.XLOOKUP(H70,Sheet1!B:B,Sheet1!A:A) -> MUMFIMEDB1 | J70: VDI_ZABBIX 911 | K70: 100.121.19.69 | L70: =_xlfn.XLOOKUP(K70,Sheet1!B:B,Sheet1!A:A) -> #N/A | M70: VDI_DHCP 891 | N70: 100.121.20.69 | O70: =_xlfn.XLOOKUP(N70,Sheet1!B:B,Sheet1!A:A) -> #N/A | P70: AD_PROD 867 | Q70: 100.121.21.69 | R70: =_xlfn.XLOOKUP(Q70,Sheet1!B:B,Sheet1!A:A) -> MUMSBMADCSR | S70: DB2 878 | T70: 100.121.23.69 | U70: =_xlfn.XLOOKUP(T70,Sheet1!B:B,Sheet1!A:A) -> MUMSBMLARSDB01 | W70: 100.121.25.69 | X70: =_xlfn.XLOOKUP(W70,Sheet1!B:B,Sheet1!A:A) -> #N/A | Y70: DSD 905 | Z70: 100.121.28.69 | AA70: =_xlfn.XLOOKUP(Z70,Sheet1!B:B,Sheet1!A:A) -> #N/A | AB70: NAT_SUB 908 | AC70: 100.121.29.69 | AD70: =_xlfn.XLOOKUP(AC70,Sheet1!B:B,Sheet1!A:A) -> #N/A
A71: DB 851 | B71: 100.121.16.70 | C71: =_xlfn.XLOOKUP(B71,Sheet1!B:B,Sheet1!A:A) -> MUMSBMESBDBCLS | D71: WEB-E 859 | E71: 100.121.17.70 | F71: =_xlfn.XLOOKUP(E71,Sheet1!B:B,Sheet1!A:A) -> IBWEB_443_VS | G71: DB1 876 | H71: 100.121.18.70 | I71: =_xlfn.XLOOKUP(H71,Sheet1!B:B,Sheet1!A:A) -> MUMSBMDLPDB | J71: VDI_ZABBIX 911 | K71: 100.121.19.70 | L71: =_xlfn.XLOOKUP(K71,Sheet1!B:B,Sheet1!A:A) -> #N/A | M71: VDI_DHCP 891 | N71: 100.121.20.70 | O71: =_xlfn.XLOOKUP(N71,Sheet1!B:B,Sheet1!A:A) -> #N/A | P71: AD_PROD 867 | Q71: 100.121.21.70 | R71: =_xlfn.XLOOKUP(Q71,Sheet1!B:B,Sheet1!A:A) -> MUMSBMADS1 | S71: DB2 878 | T71: 100.121.23.70 | U71: =_xlfn.XLOOKUP(T71,Sheet1!B:B,Sheet1!A:A) -> MUMSBMVAMDB1 | W71: 100.121.25.70 | X71: =_xlfn.XLOOKUP(W71,Sheet1!B:B,Sheet1!A:A) -> #N/A | Y71: DSD 905 | Z71: 100.121.28.70 | AA71: =_xlfn.XLOOKUP(Z71,Sheet1!B:B,Sheet1!A:A) -> #N/A | AB71: NAT_SUB 908 | AC71: 100.121.29.70 | AD71: =_xlfn.XLOOKUP(AC71,Sheet1!B:B,Sheet1!A:A) -> #N/A
A72: DB 851 | B72: 100.121.16.71 | C72: =_xlfn.XLOOKUP(B72,Sheet1!B:B,Sheet1!A:A) -> MUMSBMDMSWEB | D72: WEB-E 859 | E72: 100.121.17.71 | F72: =_xlfn.XLOOKUP(E72,Sheet1!B:B,Sheet1!A:A) -> MBWEB_443_VS | G72: DB1 876 | H72: 100.121.18.71 | I72: =_xlfn.XLOOKUP(H72,Sheet1!B:B,Sheet1!A:A) -> MUMSBMDAMGW1 | J72: VDI_ZABBIX 911 | K72: 100.121.19.71 | L72: =_xlfn.XLOOKUP(K72,Sheet1!B:B,Sheet1!A:A) -> #N/A | M72: VDI_DHCP 891 | N72: 100.121.20.71 | O72: =_xlfn.XLOOKUP(N72,Sheet1!B:B,Sheet1!A:A) -> #N/A | P72: AD_PROD 867 | Q72: 100.121.21.71 | R72: =_xlfn.XLOOKUP(Q72,Sheet1!B:B,Sheet1!A:A) -> MUMSBMADS2 | S72: DB2 878 | T72: 100.121.23.71 | U72: =_xlfn.XLOOKUP(T72,Sheet1!B:B,Sheet1!A:A) -> MUMSBMVAMADB2 | W72: 100.121.25.71 | X72: =_xlfn.XLOOKUP(W72,Sheet1!B:B,Sheet1!A:A) -> #N/A | Y72: DSD 905 | Z72: 100.121.28.71 | AA72: =_xlfn.XLOOKUP(Z72,Sheet1!B:B,Sheet1!A:A) -> #N/A | AB72: NAT_SUB 908 | AC72: 100.121.29.71 | AD72: =_xlfn.XLOOKUP(AC72,Sheet1!B:B,Sheet1!A:A) -> #N/A
A73: DB 851 | B73: 100.121.16.72 | C73: =_xlfn.XLOOKUP(B73,Sheet1!B:B,Sheet1!A:A) -> MUMSBMDMSDB | D73: WEB-E 859 | E73: 100.121.17.72 | F73: =_xlfn.XLOOKUP(E73,Sheet1!B:B,Sheet1!A:A) -> MBWEB_8080_VS | G73: DB1 876 | H73: 100.121.18.72 | I73: =_xlfn.XLOOKUP(H73,Sheet1!B:B,Sheet1!A:A) -> MUMSBMMISDB | J73: VDI_ZABBIX 911 | K73: 100.121.19.72 | L73: =_xlfn.XLOOKUP(K73,Sheet1!B:B,Sheet1!A:A) -> #N/A | M73: VDI_DHCP 891 | N73: 100.121.20.72 | O73: =_xlfn.XLOOKUP(N73,Sheet1!B:B,Sheet1!A:A) -> #N/A | P73: AD_PROD 867 | Q73: 100.121.21.72 | R73: =_xlfn.XLOOKUP(Q73,Sheet1!B:B,Sheet1!A:A) -> MUMSBMADCSI | S73: DB2 878 | T73: 100.121.23.72 | U73: =_xlfn.XLOOKUP(T73,Sheet1!B:B,Sheet1!A:A) -> MUMSBMFINDB3 | W73: 100.121.25.72 | X73: =_xlfn.XLOOKUP(W73,Sheet1!B:B,Sheet1!A:A) -> #N/A | Y73: DSD 905 | Z73: 100.121.28.72 | AA73: =_xlfn.XLOOKUP(Z73,Sheet1!B:B,Sheet1!A:A) -> #N/A | AB73: NAT_SUB 908 | AC73: 100.121.29.72 | AD73: =_xlfn.XLOOKUP(AC73,Sheet1!B:B,Sheet1!A:A) -> #N/A
A74: DB 851 | B74: 100.121.16.73 | C74: =_xlfn.XLOOKUP(B74,Sheet1!B:B,Sheet1!A:A) -> MUMSBMESBDB02NE | D74: WEB-E 859 | E74: 100.121.17.73 | F74: =_xlfn.XLOOKUP(E74,Sheet1!B:B,Sheet1!A:A) -> MUMSBMESBWEB01 | G74: DB1 876 | H74: 100.121.18.73 | I74: =_xlfn.XLOOKUP(H74,Sheet1!B:B,Sheet1!A:A) -> MUMSBMD2KDB01 | J74: VDI_ZABBIX 911 | K74: 100.121.19.73 | L74: =_xlfn.XLOOKUP(K74,Sheet1!B:B,Sheet1!A:A) -> #N/A | M74: VDI_DHCP 891 | N74: 100.121.20.73 | O74: =_xlfn.XLOOKUP(N74,Sheet1!B:B,Sheet1!A:A) -> #N/A | P74: AD_PROD 867 | Q74: 100.121.21.73 | R74: =_xlfn.XLOOKUP(Q74,Sheet1!B:B,Sheet1!A:A) -> MUMSBMFEHX2502v | S74: DB2 878 | T74: 100.121.23.73 | U74: =_xlfn.XLOOKUP(T74,Sheet1!B:B,Sheet1!A:A) -> MUMSBMFINDB4 | W74: 100.121.25.73 | X74: =_xlfn.XLOOKUP(W74,Sheet1!B:B,Sheet1!A:A) -> #N/A | Y74: DSD 905 | Z74: 100.121.28.73 | AA74: =_xlfn.XLOOKUP(Z74,Sheet1!B:B,Sheet1!A:A) -> #N/A | AB74: NAT_SUB 908 | AC74: 100.121.29.73 | AD74: =_xlfn.XLOOKUP(AC74,Sheet1!B:B,Sheet1!A:A) -> #N/A
A75: DB 851 | B75: 100.121.16.74 | C75: =_xlfn.XLOOKUP(B75,Sheet1!B:B,Sheet1!A:A) -> #N/A | D75: WEB-E 859 | E75: 100.121.17.74 | F75: =_xlfn.XLOOKUP(E75,Sheet1!B:B,Sheet1!A:A) -> MUMSBMESBWEB02 | G75: DB1 876 | H75: 100.121.18.74 | J75: VDI_ZABBIX 911 | K75: 100.121.19.74 | L75: =_xlfn.XLOOKUP(K75,Sheet1!B:B,Sheet1!A:A) -> #N/A | M75: VDI_DHCP 891 | N75: 100.121.20.74 | O75: =_xlfn.XLOOKUP(N75,Sheet1!B:B,Sheet1!A:A) -> #N/A | P75: AD_PROD 867 | Q75: 100.121.21.74 | R75: =_xlfn.XLOOKUP(Q75,Sheet1!B:B,Sheet1!A:A) -> MUMSBMFECM2500v | S75: DB2 878 | T75: 100.121.23.74 | U75: =_xlfn.XLOOKUP(T75,Sheet1!B:B,Sheet1!A:A) -> MUMSBMTREASDB3 | W75: 100.121.25.74 | X75: =_xlfn.XLOOKUP(W75,Sheet1!B:B,Sheet1!A:A) -> #N/A | Y75: DSD 905 | Z75: 100.121.28.74 | AA75: =_xlfn.XLOOKUP(Z75,Sheet1!B:B,Sheet1!A:A) -> #N/A | AB75: NAT_SUB 908 | AC75: 100.121.29.74 | AD75: =_xlfn.XLOOKUP(AC75,Sheet1!B:B,Sheet1!A:A) -> #N/A
A76: DB 851 | B76: 100.121.16.75 | C76: =_xlfn.XLOOKUP(B76,Sheet1!B:B,Sheet1!A:A) -> #N/A | D76: WEB-E 859 | E76: 100.121.17.75 | F76: =_xlfn.XLOOKUP(E76,Sheet1!B:B,Sheet1!A:A) -> MUMSBMMBWEB1 | G76: DB1 876 | H76: 100.121.18.75 | I76: =_xlfn.XLOOKUP(H76,Sheet1!B:B,Sheet1!A:A) -> MUMSBMPFMSDB1 | J76: VDI_ZABBIX 911 | K76: 100.121.19.75 | L76: =_xlfn.XLOOKUP(K76,Sheet1!B:B,Sheet1!A:A) -> #N/A | M76: VDI_DHCP 891 | N76: 100.121.20.75 | O76: =_xlfn.XLOOKUP(N76,Sheet1!B:B,Sheet1!A:A) -> #N/A | P76: AD_PROD 867 | Q76: 100.121.21.75 | R76: =_xlfn.XLOOKUP(Q76,Sheet1!B:B,Sheet1!A:A) -> MUMSBMDCT | S76: DB2 878 | T76: 100.121.23.75 | U76: =_xlfn.XLOOKUP(T76,Sheet1!B:B,Sheet1!A:A) -> MUMSBMTREASDB4 | W76: 100.121.25.75 | X76: =_xlfn.XLOOKUP(W76,Sheet1!B:B,Sheet1!A:A) -> #N/A | Y76: DSD 905 | Z76: 100.121.28.75 | AA76: =_xlfn.XLOOKUP(Z76,Sheet1!B:B,Sheet1!A:A) -> #N/A | AB76: NAT_SUB 908 | AC76: 100.121.29.75 | AD76: =_xlfn.XLOOKUP(AC76,Sheet1!B:B,Sheet1!A:A) -> #N/A
A77: DB 851 | B77: 100.121.16.76 | C77: =_xlfn.XLOOKUP(B77,Sheet1!B:B,Sheet1!A:A) -> MUMSBMBDB01 | D77: WEB-E 859 | E77: 100.121.17.76 | F77: =_xlfn.XLOOKUP(E77,Sheet1!B:B,Sheet1!A:A) -> MUMSBRIBWEB1 | G77: DB1 876 | H77: 100.121.18.76 | I77: =_xlfn.XLOOKUP(H77,Sheet1!B:B,Sheet1!A:A) -> #N/A | J77: VDI_ZABBIX 911 | K77: 100.121.19.76 | L77: =_xlfn.XLOOKUP(K77,Sheet1!B:B,Sheet1!A:A) -> #N/A | M77: VDI_DHCP 891 | N77: 100.121.20.76 | O77: =_xlfn.XLOOKUP(N77,Sheet1!B:B,Sheet1!A:A) -> #N/A | P77: AD_PROD 867 | Q77: 100.121.21.76 | R77: =_xlfn.XLOOKUP(Q77,Sheet1!B:B,Sheet1!A:A) -> MUMSBMPROXYv | S77: DB2 878 | T77: 100.121.23.76 | U77: =_xlfn.XLOOKUP(T77,Sheet1!B:B,Sheet1!A:A) -> MUMTRESLSNR | W77: 100.121.25.76 | X77: =_xlfn.XLOOKUP(W77,Sheet1!B:B,Sheet1!A:A) -> #N/A | Y77: DSD 905 | Z77: 100.121.28.76 | AA77: =_xlfn.XLOOKUP(Z77,Sheet1!B:B,Sheet1!A:A) -> #N/A | AB77: NAT_SUB 908 | AC77: 100.121.29.76 | AD77: =_xlfn.XLOOKUP(AC77,Sheet1!B:B,Sheet1!A:A) -> #N/A
A78: DB 851 | B78: 100.121.16.77 | C78: =_xlfn.XLOOKUP(B78,Sheet1!B:B,Sheet1!A:A) -> MUMSBMBDB02 | D78: WEB-E 859 | E78: 100.121.17.77 | F78: =_xlfn.XLOOKUP(E78,Sheet1!B:B,Sheet1!A:A) -> MUMSBCIBWEB1 | G78: DB1 876 | H78: 100.121.18.77 | I78: =_xlfn.XLOOKUP(H78,Sheet1!B:B,Sheet1!A:A) -> MUMSBMDYNADB | J78: VDI_ZABBIX 911 | K78: 100.121.19.77 | L78: =_xlfn.XLOOKUP(K78,Sheet1!B:B,Sheet1!A:A) -> #N/A | M78: VDI_DHCP 891 | N78: 100.121.20.77 | O78: =_xlfn.XLOOKUP(N78,Sheet1!B:B,Sheet1!A:A) -> #N/A | P78: AD_PROD 867 | Q78: 100.121.21.77 | R78: =_xlfn.XLOOKUP(Q78,Sheet1!B:B,Sheet1!A:A) -> Zscaler_NSS | S78: DB2 878 | T78: 100.121.23.77 | U78: =_xlfn.XLOOKUP(T78,Sheet1!B:B,Sheet1!A:A) -> MUMFINLSNR | W78: 100.121.25.77 | X78: =_xlfn.XLOOKUP(W78,Sheet1!B:B,Sheet1!A:A) -> #N/A | Y78: DSD 905 | Z78: 100.121.28.77 | AA78: =_xlfn.XLOOKUP(Z78,Sheet1!B:B,Sheet1!A:A) -> #N/A | AB78: NAT_SUB 908 | AC78: 100.121.29.77 | AD78: =_xlfn.XLOOKUP(AC78,Sheet1!B:B,Sheet1!A:A) -> #N/A
A79: DB 851 | B79: 100.121.16.78 | C79: =_xlfn.XLOOKUP(B79,Sheet1!B:B,Sheet1!A:A) -> MUMSBMMIS | D79: WEB-E 859 | E79: 100.121.17.78 | F79: =_xlfn.XLOOKUP(E79,Sheet1!B:B,Sheet1!A:A) -> MUMSBMMBWEB2 | G79: DB1 876 | H79: 100.121.18.78 | I79: =_xlfn.XLOOKUP(H79,Sheet1!B:B,Sheet1!A:A) -> MUMSBNESLDB1 | J79: VDI_ZABBIX 911 | K79: 100.121.19.78 | L79: =_xlfn.XLOOKUP(K79,Sheet1!B:B,Sheet1!A:A) -> #N/A | M79: VDI_DHCP 891 | N79: 100.121.20.78 | O79: =_xlfn.XLOOKUP(N79,Sheet1!B:B,Sheet1!A:A) -> #N/A | P79: AD_PROD 867 | Q79: 100.121.21.78 | R79: =_xlfn.XLOOKUP(Q79,Sheet1!B:B,Sheet1!A:A) -> MUMSBMVMWP01 | S79: DB2 878 | T79: 100.121.23.78 | U79: =_xlfn.XLOOKUP(T79,Sheet1!B:B,Sheet1!A:A) -> MUMSBMSCFDB | W79: 100.121.25.78 | X79: =_xlfn.XLOOKUP(W79,Sheet1!B:B,Sheet1!A:A) -> #N/A | Y79: DSD 905 | Z79: 100.121.28.78 | AA79: =_xlfn.XLOOKUP(Z79,Sheet1!B:B,Sheet1!A:A) -> #N/A | AB79: NAT_SUB 908 | AC79: 100.121.29.78 | AD79: =_xlfn.XLOOKUP(AC79,Sheet1!B:B,Sheet1!A:A) -> #N/A
A80: DB 851 | B80: 100.121.16.79 | C80: =_xlfn.XLOOKUP(B80,Sheet1!B:B,Sheet1!A:A) -> MUMSBMPISDB | D80: WEB-E 859 | E80: 100.121.17.79 | F80: =_xlfn.XLOOKUP(E80,Sheet1!B:B,Sheet1!A:A) -> MUMSBRIBWEB2 | G80: DB1 876 | H80: 100.121.18.79 | I80: =_xlfn.XLOOKUP(H80,Sheet1!B:B,Sheet1!A:A) -> MUMSBMSDDB | J80: VDI_ZABBIX 911 | K80: 100.121.19.79 | L80: =_xlfn.XLOOKUP(K80,Sheet1!B:B,Sheet1!A:A) -> #N/A | M80: VDI_DHCP 891 | N80: 100.121.20.79 | O80: =_xlfn.XLOOKUP(N80,Sheet1!B:B,Sheet1!A:A) -> #N/A | P80: AD_PROD 867 | Q80: 100.121.21.79 | R80: =_xlfn.XLOOKUP(Q80,Sheet1!B:B,Sheet1!A:A) -> MUMSBMSYMSRV02 | S80: DB2 878 | T80: 100.121.23.79 | U80: =_xlfn.XLOOKUP(T80,Sheet1!B:B,Sheet1!A:A) -> MUMSBMSCFRPTDB | W80: 100.121.25.79 | X80: =_xlfn.XLOOKUP(W80,Sheet1!B:B,Sheet1!A:A) -> #N/A | Y80: DSD 905 | Z80: 100.121.28.79 | AA80: =_xlfn.XLOOKUP(Z80,Sheet1!B:B,Sheet1!A:A) -> #N/A | AB80: NAT_SUB 908 | AC80: 100.121.29.79 | AD80: =_xlfn.XLOOKUP(AC80,Sheet1!B:B,Sheet1!A:A) -> #N/A
A81: DB 851 | B81: 100.121.16.80 | C81: =_xlfn.XLOOKUP(B81,Sheet1!B:B,Sheet1!A:A) -> MUMSBMESBDBCLU | D81: WEB-E 859 | E81: 100.121.17.80 | F81: =_xlfn.XLOOKUP(E81,Sheet1!B:B,Sheet1!A:A) -> #N/A | G81: DB1 876 | H81: 100.121.18.80 | I81: =_xlfn.XLOOKUP(H81,Sheet1!B:B,Sheet1!A:A) -> MUMSBSTMTDB1 | J81: VDI_ZABBIX 911 | K81: 100.121.19.80 | L81: =_xlfn.XLOOKUP(K81,Sheet1!B:B,Sheet1!A:A) -> #N/A | M81: VDI_DHCP 891 | N81: 100.121.20.80 | O81: =_xlfn.XLOOKUP(N81,Sheet1!B:B,Sheet1!A:A) -> #N/A | P81: AD_PROD 867 | Q81: 100.121.21.80 | R81: =_xlfn.XLOOKUP(Q81,Sheet1!B:B,Sheet1!A:A) -> MUMBKCSBMPROSW4 | S81: DB2 878 | T81: 100.121.23.80 | U81: =_xlfn.XLOOKUP(T81,Sheet1!B:B,Sheet1!A:A) -> MUMSBMDBJUMP | W81: 100.121.25.80 | X81: =_xlfn.XLOOKUP(W81,Sheet1!B:B,Sheet1!A:A) -> #N/A | Y81: DSD 905 | Z81: 100.121.28.80 | AA81: =_xlfn.XLOOKUP(Z81,Sheet1!B:B,Sheet1!A:A) -> #N/A | AB81: NAT_SUB 908 | AC81: 100.121.29.80 | AD81: =_xlfn.XLOOKUP(AC81,Sheet1!B:B,Sheet1!A:A) -> #N/A
